Workbook

Sheet Point List
A1: Signal Type | B1: Tag No | C1: Name | D1: Instrument | E1: Status | F1: Data Type | G1: Memory Type | H1: PDU Hexadecimal | I1: Modbus Address | J1: Modicon Address | K1: Proface Type | L1: Proface Data Type | M1: Size (Bits) | N1: PLC Memory Address | O1: Position | P1: I/O Card Number | Q1: Channel | R1: I/O | S1: Global Variable | T1: Program Variable Name | U1: Operator Visiblity | V1: Deadman | W1: Validated
A2: Switch | B2: SW-0 | C2: Master_Switch | D2: SYSTEM | E2: IN-USE | F2: N/A | G2: N/A | H2: N/A | I2: N/A | J2: N/A | K2: N/A | M2: N/A | N2: N/A | O2: N/A | P2: N/A | Q2: N/A | R2: N/A | S2: N/A | T2: XXX | U2: YES | V2: NO | W2: TRUE
A3: Switch | B3: SW-1 | C3: System_Start | D3: SYSTEM | E3: IN-USE | F3: BOOL | G3: FLAG | H3: =_xlfn.CONCAT("0x",DEC2HEX(I3)) -> 0x3000 | I3: {=INDEX('Mapping Sheet'!B:B,'Mapping Sheet'!A1,1)} -> 12288 | J3: =_xlfn.CONCAT(0,I3+1) -> 012289 | K3: MOMENTARY | L3: BitAddress | M3: 1 | N3: =_xlfn.CONCAT("%MX",INDEX('Mapping Sheet'!E:E,Table1[[#This Row],[Modbus Address]]-12287,1),".",INDEX('Mapping Sheet'!F:F,Table1[[#This Row],[Modbus Address]]-12287,1)) -> %MX0.0 | O3: N/A | P3: N/A | Q3: N/A | R3: N/A | S3: NO | T3: =_xlfn.CONCAT("axSW[",AB1, "]") -> axSW[] | U3: YES | V3: NO | W3: TRUE
A4: Switch | B4: SW-2 | C4: System_Shutdown | D4: SYSTEM | E4: IN-USE | F4: BOOL | G4: FLAG | H4: =_xlfn.CONCAT("0x",DEC2HEX(I4)) -> 0x3001 | I4: =I3+1 -> 12289 | J4: =_xlfn.CONCAT(0,I4+1) -> 012290 | K4: MOMENTARY | L4: BitAddress | M4: 1 | N4: =_xlfn.CONCAT("%MX",INDEX('Mapping Sheet'!E:E,Table1[[#This Row],[Modbus Address]]-12287,1),".",INDEX('Mapping Sheet'!F:F,Table1[[#This Row],[Modbus Address]]-12287,1)) -> %MX0.1 | O4: N/A | P4: N/A | Q4: N/A | R4: N/A | S4: NO | T4: =_xlfn.CONCAT("axSW[",AB2, "]") -> axSW[] | U4: YES | V4: NO | W4: TRUE
A5: Switch | B5: SW-3 | C5: Simplex_Mode | D5: PUMP | E5: IN-USE | F5: BOOL | G5: FLAG | H5: =_xlfn.CONCAT("0x",DEC2HEX(I5)) -> 0x3002 | I5: =I4+1 -> 12290 | J5: =_xlfn.CONCAT(0,I5+1) -> 012291 | K5: MOMENTARY | L5: BitAddress | M5: 1 | N5: =_xlfn.CONCAT("%MX",INDEX('Mapping Sheet'!E:E,Table1[[#This Row],[Modbus Address]]-12287,1),".",INDEX('Mapping Sheet'!F:F,Table1[[#This Row],[Modbus Address]]-12287,1)) -> %MX0.2 | O5: N/A | P5: N/A | Q5: N/A | R5: N/A | S5: NO | T5: =_xlfn.CONCAT("axSW[",AB3, "]") -> axSW[] | U5: YES | V5: NO | W5: TRUE
A6: Switch | B6: SW-4 | C6: Manual_Turnover | D6: PUMP | E6: IN-USE | F6: BOOL | G6: FLAG | H6: =_xlfn.CONCAT("0x",DEC2HEX(I6)) -> 0x3003 | I6: =I5+1 -> 12291 | J6: =_xlfn.CONCAT(0,I6+1) -> 012292 | K6: MOMENTARY | L6: BitAddress | M6: 1 | N6: =_xlfn.CONCAT("%MX",INDEX('Mapping Sheet'!E:E,Table1[[#This Row],[Modbus Address]]-12287,1),".",INDEX('Mapping Sheet'!F:F,Table1[[#This Row],[Modbus Address]]-12287,1)) -> %MX0.3 | O6: N/A | P6: N/A | Q6: N/A | R6: N/A | S6: NO | T6: =_xlfn.CONCAT("axSW[",AB4, "]") -> axSW[] | U6: YES | V6: NO | W6: TRUE
A7: Switch | B7: SW-5 | C7: Enable_Manual_Valve_Control | D7: VALVE | E7: IN-USE | F7: BOOL | G7: FLAG | H7: =_xlfn.CONCAT("0x",DEC2HEX(I7)) -> 0x3004 | I7: =I6+1 -> 12292 | J7: =_xlfn.CONCAT(0,I7+1) -> 012293 | K7: BIT INVERT | L7: BitAddress | M7: 1 | N7: =_xlfn.CONCAT("%MX",INDEX('Mapping Sheet'!E:E,Table1[[#This Row],[Modbus Address]]-12287,1),".",INDEX('Mapping Sheet'!F:F,Table1[[#This Row],[Modbus Address]]-12287,1)) -> %MX0.4 | O7: N/A | P7: N/A | Q7: N/A | R7: N/A | S7: NO | T7: =_xlfn.CONCAT("axSW[",AB5, "]") -> axSW[] | U7: YES | V7: YES | W7: FALSE
A8: Switch | B8: SW-6 | C8: Enable_Manual_Fan_Control | D8: FAN | E8: IN-USE | F8: BOOL | G8: FLAG | H8: =_xlfn.CONCAT("0x",DEC2HEX(I8)) -> 0x3005 | I8: =I7+1 -> 12293 | J8: =_xlfn.CONCAT(0,I8+1) -> 012294 | K8: BIT INVERT | L8: BitAddress | M8: 1 | N8: =_xlfn.CONCAT("%MX",INDEX('Mapping Sheet'!E:E,Table1[[#This Row],[Modbus Address]]-12287,1),".",INDEX('Mapping Sheet'!F:F,Table1[[#This Row],[Modbus Address]]-12287,1)) -> %MX0.5 | O8: N/A | P8: N/A | Q8: N/A | R8: N/A | S8: NO | T8: =_xlfn.CONCAT("axSW[",AB6, "]") -> axSW[] | U8: YES | V8: YES | W8: TRUE
A9: Switch | B9: SW-7 | C9: AVAILABLE | D9: N/A | E9: DEPRECATED | F9: BOOL | G9: FLAG | H9: =_xlfn.CONCAT("0x",DEC2HEX(I9)) -> 0x3006 | I9: =I8+1 -> 12294 | J9: =_xlfn.CONCAT(0,I9+1) -> 012295 | K9: N/A | L9: BitAddress | M9: 1 | N9: =_xlfn.CONCAT("%MX",INDEX('Mapping Sheet'!E:E,Table1[[#This Row],[Modbus Address]]-12287,1),".",INDEX('Mapping Sheet'!F:F,Table1[[#This Row],[Modbus Address]]-12287,1)) -> %MX0.6 | O9: N/A | P9: N/A | Q9: N/A | R9: N/A | S9: NO | T9: =_xlfn.CONCAT("axSW[",AB7, "]") -> axSW[] | U9: YES | V9: NO | W9: FALSE
A10: Switch | B10: SW-8 | C10: Force_Fan_1_On_Off | D10: FAN | E10: IN-USE | F10: BOOL | G10: FLAG | H10: =_xlfn.CONCAT("0x",DEC2HEX(I10)) -> 0x3007 | I10: =I9+1 -> 12295 | J10: =_xlfn.CONCAT(0,I10+1) -> 012296 | K10: BIT INVERT | L10: BitAddress | M10: 1 | N10: =_xlfn.CONCAT("%MX",INDEX('Mapping Sheet'!E:E,Table1[[#This Row],[Modbus Address]]-12287,1),".",INDEX('Mapping Sheet'!F:F,Table1[[#This Row],[Modbus Address]]-12287,1)) -> %MX0.7 | O10: N/A | P10: N/A | Q10: N/A | R10: N/A | S10: NO | T10: =_xlfn.CONCAT("axSW[",AB8, "]") -> axSW[] | U10: YES | V10: NO | W10: TRUE
A11: Switch | B11: SW-9 | C11: Force_Fan_2_On_Off | D11: FAN | E11: IN-USE | F11: BOOL | G11: FLAG | H11: =_xlfn.CONCAT("0x",DEC2HEX(I11)) -> 0x3008 | I11: =I10+1 -> 12296 | J11: =_xlfn.CONCAT(0,I11+1) -> 012297 | K11: BIT INVERT | L11: BitAddress | M11: 1 | N11: =_xlfn.CONCAT("%MX",INDEX('Mapping Sheet'!E:E,Table1[[#This Row],[Modbus Address]]-12287,1),".",INDEX('Mapping Sheet'!F:F,Table1[[#This Row],[Modbus Address]]-12287,1)) -> %MX0.8 | O11: N/A | P11: N/A | Q11: N/A | R11: N/A | S11: NO | T11: =_xlfn.CONCAT("axSW[",AB9, "]") -> axSW[] | U11: YES | V11: NO | W11: TRUE
A12: Switch | B12: SW-10 | C12: Primary_Hydraulic_Fault_ACK | D12: PUMP, FLOW, PRESSURE | E12: IN-USE | F12: BOOL | G12: FLAG | H12: =_xlfn.CONCAT("0x",DEC2HEX(I12)) -> 0x3009 | I12: =I11+1 -> 12297 | J12: =_xlfn.CONCAT(0,I12+1) -> 012298 | K12: MOMENTARY | L12: BitAddress | M12: 1 | N12: =_xlfn.CONCAT("%MX",INDEX('Mapping Sheet'!E:E,Table1[[#This Row],[Modbus Address]]-12287,1),".",INDEX('Mapping Sheet'!F:F,Table1[[#This Row],[Modbus Address]]-12287,1)) -> %MX0.9 | O12: N/A | P12: N/A | Q12: N/A | R12: N/A | S12: NO | T12: =_xlfn.CONCAT("axSW[",AB10, "]") -> axSW[] | U12: YES | V12: NO | W12: FALSE
A13: Switch | B13: SW-11 | C13: Secondary_Hydraulic_Fault_ACK | D13: PUMP, FLOW, PRESSURE | E13: IN-USE | F13: BOOL | G13: FLAG | H13: =_xlfn.CONCAT("0x",DEC2HEX(I13)) -> 0x300A | I13: =I12+1 -> 12298 | J13: =_xlfn.CONCAT(0,I13+1) -> 012299 | K13: MOMENTARY | L13: BitAddress | M13: 1 | N13: =_xlfn.CONCAT("%MX",INDEX('Mapping Sheet'!E:E,Table1[[#This Row],[Modbus Address]]-12287,1),".",INDEX('Mapping Sheet'!F:F,Table1[[#This Row],[Modbus Address]]-12287,1)) -> %MX0.10 | O13: N/A | P13: N/A | Q13: N/A | R13: N/A | S13: NO | T13: =_xlfn.CONCAT("axSW[",AB11, "]") -> axSW[] | U13: YES | V13: NO | W13: FALSE
A14: Switch | B14: SW-12 | C14: Enable_Pump_Cycling | D14: PUMP | E14: IN-USE | F14: BOOL | G14: FLAG | H14: =_xlfn.CONCAT("0x",DEC2HEX(I14)) -> 0x300B | I14: =I13+1 -> 12299 | J14: =_xlfn.CONCAT(0,I14+1) -> 012300 | K14: MOMENTARY | L14: BitAddress | M14: 1 | N14: =_xlfn.CONCAT("%MX",INDEX('Mapping Sheet'!E:E,Table1[[#This Row],[Modbus Address]]-12287,1),".",INDEX('Mapping Sheet'!F:F,Table1[[#This Row],[Modbus Address]]-12287,1)) -> %MX0.11 | O14: N/A | P14: N/A | Q14: N/A | R14: N/A | S14: NO | T14: =_xlfn.CONCAT("axSW[",AB12, "]") -> axSW[] | U14: YES | V14: NO | W14: FALSE
A15: Switch | B15: SW-13 | C15: Reset_Pump_Differential_Signal | D15: PUMP | E15: IN-USE | F15: BOOL | G15: FLAG | H15: =_xlfn.CONCAT("0x",DEC2HEX(I15)) -> 0x300C | I15: =I14+1 -> 12300 | J15: =_xlfn.CONCAT(0,I15+1) -> 012301 | K15: MOMENTARY | L15: BitAddress | M15: 1 | N15: =_xlfn.CONCAT("%MX",INDEX('Mapping Sheet'!E:E,Table1[[#This Row],[Modbus Address]]-12287,1),".",INDEX('Mapping Sheet'!F:F,Table1[[#This Row],[Modbus Address]]-12287,1)) -> %MX0.12 | O15: N/A | P15: N/A | Q15: N/A | R15: N/A | S15: NO | T15: =_xlfn.CONCAT("axSW[",AB13, "]") -> axSW[] | U15: YES | V15: NO | W15: FALSE
A16: Switch | B16: SW-14 | C16: Fault_ACK | D16: SYSTEM | E16: IN-USE | F16: BOOL | G16: FLAG | H16: =_xlfn.CONCAT("0x",DEC2HEX(I16)) -> 0x300D | I16: =I15+1 -> 12301 | J16: =_xlfn.CONCAT(0,I16+1) -> 012302 | K16: MOMENTARY | L16: BitAddress | M16: 1 | N16: =_xlfn.CONCAT("%MX",INDEX('Mapping Sheet'!E:E,Table1[[#This Row],[Modbus Address]]-12287,1),".",INDEX('Mapping Sheet'!F:F,Table1[[#This Row],[Modbus Address]]-12287,1)) -> %MX0.13 | O16: N/A | P16: N/A | Q16: N/A | R16: N/A | S16: NO | T16: =_xlfn.CONCAT("axSW[",AB14, "]") -> axSW[] | U16: YES | V16: NO | W16: FALSE
A17: Switch | B17: SW-15 | C17: AVAILABLE | E17: DEPRECATED | F17: BOOL | G17: FLAG | H17: =_xlfn.CONCAT("0x",DEC2HEX(I17)) -> 0x300E | I17: =I16+1 -> 12302 | J17: =_xlfn.CONCAT(0,I17+1) -> 012303 | K17: N/A | M17: 1 | N17: =_xlfn.CONCAT("%MX",INDEX('Mapping Sheet'!E:E,Table1[[#This Row],[Modbus Address]]-12287,1),".",INDEX('Mapping Sheet'!F:F,Table1[[#This Row],[Modbus Address]]-12287,1)) -> %MX0.14 | O17: N/A | P17: N/A | Q17: N/A | R17: N/A | S17: NO | T17: =_xlfn.CONCAT("axSW[",AB15, "]") -> axSW[] | U17: YES | V17: NO | W17: FALSE
A18: Switch | B18: SW-16 | C18: AVAILABLE | E18: DEPRECATED | F18: BOOL | G18: FLAG | H18: =_xlfn.CONCAT("0x",DEC2HEX(I18)) -> 0x300F | I18: =I17+1 -> 12303 | J18: =_xlfn.CONCAT(0,I18+1) -> 012304 | K18: N/A | M18: 1 | N18: =_xlfn.CONCAT("%MX",INDEX('Mapping Sheet'!E:E,Table1[[#This Row],[Modbus Address]]-12287,1),".",INDEX('Mapping Sheet'!F:F,Table1[[#This Row],[Modbus Address]]-12287,1)) -> %MX0.15 | O18: N/A | P18: N/A | Q18: N/A | R18: N/A | S18: NO | T18: =_xlfn.CONCAT("axSW[",AB16, "]") -> axSW[] | U18: YES | V18: NO | W18: FALSE
A19: Internal | B19: SIG-1 | C19: System_On | D19: SYSTEM | E19: IN-USE | F19: BOOL | G19: FLAG | H19: =_xlfn.CONCAT("0x",DEC2HEX(I19)) -> 0x3010 | I19: =I18+1 -> 12304 | J19: =_xlfn.CONCAT(0,I19+1) -> 012305 | K19: LAMP | L19: BitAddress | M19: 1 | N19: =_xlfn.CONCAT("%MX",INDEX('Mapping Sheet'!E:E,Table1[[#This Row],[Modbus Address]]-12287,1),".",INDEX('Mapping Sheet'!F:F,Table1[[#This Row],[Modbus Address]]-12287,1)) -> %MX1.0 | O19: N/A | P19: N/A | Q19: N/A | R19: N/A | S19: NO | T19: =_xlfn.CONCAT("axSIG[",AB1,"]") -> axSIG[] | U19: YES | V19: N/A | W19: FALSE
A20: Internal | B20: SIG-2 | C20: System_Shutting_Down | D20: SYSTEM | E20: IN-USE | F20: BOOL | G20: FLAG | H20: =_xlfn.CONCAT("0x",DEC2HEX(I20)) -> 0x3011 | I20: =I19+1 -> 12305 | J20: =_xlfn.CONCAT(0,I20+1) -> 012306 | K20: LAMP | L20: BitAddress | M20: 1 | N20: =_xlfn.CONCAT("%MX",INDEX('Mapping Sheet'!E:E,Table1[[#This Row],[Modbus Address]]-12287,1),".",INDEX('Mapping Sheet'!F:F,Table1[[#This Row],[Modbus Address]]-12287,1)) -> %MX1.1 | O20: N/A | P20: N/A | Q20: N/A | R20: N/A | S20: NO | T20: =_xlfn.CONCAT("axSIG[",AB2,"]") -> axSIG[] | U20: YES | V20: N/A | W20: FALSE
A21: Internal | B21: SIG-3 | C21: System_Initializing | D21: SYSTEM | E21: IN-USE | F21: BOOL | G21: FLAG | H21: =_xlfn.CONCAT("0x",DEC2HEX(I21)) -> 0x3012 | I21: =I20+1 -> 12306 | J21: =_xlfn.CONCAT(0,I21+1) -> 012307 | K21: LAMP | L21: BitAddress | M21: 1 | N21: =_xlfn.CONCAT("%MX",INDEX('Mapping Sheet'!E:E,Table1[[#This Row],[Modbus Address]]-12287,1),".",INDEX('Mapping Sheet'!F:F,Table1[[#This Row],[Modbus Address]]-12287,1)) -> %MX1.2 | O21: N/A | P21: N/A | Q21: N/A | R21: N/A | S21: NO | T21: =_xlfn.CONCAT("axSIG[",AB3,"]") -> axSIG[] | U21: YES | V21: N/A | W21: FALSE
A22: Internal | B22: SIG-4 | C22: System_Calibrating | D22: SYSTEM | E22: IN-USE | F22: BOOL | G22: FLAG | H22: =_xlfn.CONCAT("0x",DEC2HEX(I22)) -> 0x3013 | I22: =I21+1 -> 12307 | J22: =_xlfn.CONCAT(0,I22+1) -> 012308 | K22: LAMP | L22: BitAddress | M22: 1 | N22: =_xlfn.CONCAT("%MX",INDEX('Mapping Sheet'!E:E,Table1[[#This Row],[Modbus Address]]-12287,1),".",INDEX('Mapping Sheet'!F:F,Table1[[#This Row],[Modbus Address]]-12287,1)) -> %MX1.3 | O22: N/A | P22: N/A | Q22: N/A | R22: N/A | S22: NO | T22: =_xlfn.CONCAT("axSIG[",AB4,"]") -> axSIG[] | U22: YES | V22: N/A | W22: FALSE
A23: Internal | B23: SIG-5 | C23: Measured_Pump_Power | D23: PUMP | E23: IN-USE | F23: REAL | G23: FLAG | H23: =_xlfn.CONCAT("0x",DEC2HEX(I23)) -> 0x310C | I23: =I50+100 -> 12556 | J23: =_xlfn.CONCAT(4,I23+1) -> 412557 | K23: NUMERIC | L23: WordAddress | M23: 32 | N23: =_xlfn.CONCAT("%MD",INDEX('Mapping Sheet'!G:G,Table1[[#This Row],[Modbus Address]]-12287,1)) -> %MD134 | O23: N/A | P23: N/A | Q23: N/A | R23: N/A | S23: NO | T23: =_xlfn.CONCAT("arSW[",AB1,"]") -> arSW[] | U23: YES | V23: N/A | W23: FALSE
A24: Internal | B24: SIG-6 | C24: MICT | D24: RTD | E24: IN-USE | F24: REAL | G24: FLAG | H24: =_xlfn.CONCAT("0x",DEC2HEX(I24)) -> 0x310E | I24: =I23+2 -> 12558 | J24: =_xlfn.CONCAT(4,I24+1) -> 412559 | K24: NUMERIC | L24: WordAddress | M24: 32 | N24: =_xlfn.CONCAT("%MD",INDEX('Mapping Sheet'!G:G,Table1[[#This Row],[Modbus Address]]-12287,1)) -> %MD135 | O24: N/A | P24: N/A | Q24: N/A | R24: N/A | S24: NO | T24: =_xlfn.CONCAT("arSW[",AB2,"]") -> arSW[] | U24: YES | V24: N/A | W24: FALSE
A25: Internal | B25: SIG-7 | C25: Measured_Conductivity | D25: CONDUCTIVITY | E25: IN-USE | F25: REAL | G25: FLAG | H25: =_xlfn.CONCAT("0x",DEC2HEX(I25)) -> 0x3110 | I25: =I24+2 -> 12560 | J25: =_xlfn.CONCAT(4,I25+1) -> 412561 | K25: NUMERIC | L25: WordAddress | M25: 32 | N25: =_xlfn.CONCAT("%MD",INDEX('Mapping Sheet'!G:G,Table1[[#This Row],[Modbus Address]]-12287,1)) -> %MD136 | O25: N/A | P25: N/A | Q25: N/A | R25: N/A | S25: NO | T25: =_xlfn.CONCAT("arSW[",AB3,"]") -> arSW[] | U25: YES | V25: N/A | W25: FALSE
A26: Internal | B26: SIG-8 | C26: Measured_Flow | D26: FLOW | E26: IN-USE | F26: REAL | G26: FLAG | H26: =_xlfn.CONCAT("0x",DEC2HEX(I26)) -> 0x3112 | I26: =I25+2 -> 12562 | J26: =_xlfn.CONCAT(4,I26+1) -> 412563 | K26: NUMERIC | L26: WordAddress | M26: 32 | N26: =_xlfn.CONCAT("%MD",INDEX('Mapping Sheet'!G:G,Table1[[#This Row],[Modbus Address]]-12287,1)) -> %MD137 | O26: N/A | P26: N/A | Q26: N/A | R26: N/A | S26: NO | T26: =_xlfn.CONCAT("arSW[",AB4,"]") -> arSW[] | U26: YES | V26: N/A | W26: FALSE
A27: Internal | B27: SIG-9 | C27: Valve_Open_Percentage | D27: VALVE | E27: IN-USE | F27: REAL | G27: FLAG | H27: =_xlfn.CONCAT("0x",DEC2HEX(I27)) -> 0x3114 | I27: =I26+2 -> 12564 | J27: =_xlfn.CONCAT(4,I27+1) -> 412565 | K27: NUMERIC | L27: WordAddress | M27: 32 | N27: =_xlfn.CONCAT("%MD",INDEX('Mapping Sheet'!G:G,Table1[[#This Row],[Modbus Address]]-12287,1)) -> %MD138 | O27: N/A | P27: N/A | Q27: N/A | R27: N/A | S27: NO | T27: =_xlfn.CONCAT("arSW[",AB5,"]") -> arSW[] | U27: YES | V27: N/A | W27: FALSE
A28: Internal | B28: SIG-10 | C28: Real_RTD_1_Signal | D28: RTD | E28: IN-USE | F28: REAL | G28: FLAG | H28: =_xlfn.CONCAT("0x",DEC2HEX(I28)) -> 0x3116 | I28: =I27+2 -> 12566 | J28: =_xlfn.CONCAT(4,I28+1) -> 412567 | K28: NUMERIC | L28: WordAddress | M28: 32 | N28: =_xlfn.CONCAT("%MD",INDEX('Mapping Sheet'!G:G,Table1[[#This Row],[Modbus Address]]-12287,1)) -> %MD139 | O28: N/A | P28: N/A | Q28: N/A | R28: N/A | S28: NO | T28: =_xlfn.CONCAT("arSW[",AB6,"]") -> arSW[] | U28: NO | V28: N/A | W28: FALSE
A29: Internal | B29: SIG-11 | C29: Real_RTD_2_Signal | D29: RTD | E29: IN-USE | F29: REAL | G29: FLAG | H29: =_xlfn.CONCAT("0x",DEC2HEX(I29)) -> 0x3118 | I29: =I28+2 -> 12568 | J29: =_xlfn.CONCAT(4,I29+1) -> 412569 | K29: NUMERIC | L29: WordAddress | M29: 32 | N29: =_xlfn.CONCAT("%MD",INDEX('Mapping Sheet'!G:G,Table1[[#This Row],[Modbus Address]]-12287,1)) -> %MD140 | O29: N/A | P29: N/A | Q29: N/A | R29: N/A | S29: NO | T29: =_xlfn.CONCAT("arSW[",AB7,"]") -> arSW[] | U29: NO | V29: N/A | W29: FALSE
A30: Internal | B30: SIG-12 | C30: Real_RTD_3_Signal | D30: RTD | E30: IN-USE | F30: REAL | G30: FLAG | H30: =_xlfn.CONCAT("0x",DEC2HEX(I30)) -> 0x311A | I30: =I29+2 -> 12570 | J30: =_xlfn.CONCAT(4,I30+1) -> 412571 | K30: NUMERIC | L30: WordAddress | M30: 32 | N30: =_xlfn.CONCAT("%MD",INDEX('Mapping Sheet'!G:G,Table1[[#This Row],[Modbus Address]]-12287,1)) -> %MD141 | O30: N/A | P30: N/A | Q30: N/A | R30: N/A | S30: NO | T30: =_xlfn.CONCAT("arSW[",AB8,"]") -> arSW[] | U30: NO | V30: N/A | W30: FALSE
A31: Internal | B31: SIG-13 | C31: AVAILABLE | E31: DEPRECATED | F31: REAL | G31: FLAG | H31: =_xlfn.CONCAT("0x",DEC2HEX(I31)) -> 0x311C | I31: =I30+2 -> 12572 | J31: =_xlfn.CONCAT(4,I31+1) -> 412573 | K31: NUMERIC | L31: WordAddress | M31: 32 | N31: =_xlfn.CONCAT("%MD",INDEX('Mapping Sheet'!G:G,Table1[[#This Row],[Modbus Address]]-12287,1)) -> %MD142 | O31: N/A | P31: N/A | Q31: N/A | R31: N/A | S31: NO | T31: =_xlfn.CONCAT("arSW[",AB9,"]") -> arSW[] | U31: YES | V31: N/A | W31: FALSE
A32: Internal | B32: SIG-14 | C32: Measured_Valve_Position_ | D32: VALVE | E32: IN-USE | F32: REAL | G32: FLAG | H32: =_xlfn.CONCAT("0x",DEC2HEX(I32)) -> 0x311E | I32: =I31+2 -> 12574 | J32: =_xlfn.CONCAT(4,I32+1) -> 412575 | K32: NUMERIC | L32: WordAddress | M32: 32 | N32: =_xlfn.CONCAT("%MD",INDEX('Mapping Sheet'!G:G,Table1[[#This Row],[Modbus Address]]-12287,1)) -> %MD143 | O32: N/A | P32: N/A | Q32: N/A | R32: N/A | S32: NO | T32: =_xlfn.CONCAT("arSW[",AB10,"]") -> arSW[] | U32: YES | V32: N/A | W32: FALSE
A33: Internal | B33: SIG-15 | C33: Debounced_Water_Level_Low_Signal | D33: LEVEL | E33: RESERVED | F33: BOOL | G33: FLAG | H33: =_xlfn.CONCAT("0x",DEC2HEX(I33)) -> 0x3014 | I33: =I22+1 -> 12308 | J33: =_xlfn.CONCAT(0,I33+1) -> 012309 | K33: N/A | L33: WordAddress | M33: 1 | N33: =_xlfn.CONCAT("%MX",INDEX('Mapping Sheet'!E:E,Table1[[#This Row],[Modbus Address]]-12287,1),".",INDEX('Mapping Sheet'!F:F,Table1[[#This Row],[Modbus Address]]-12287,1)) -> %MX1.4 | O33: N/A | P33: N/A | Q33: N/A | R33: N/A | S33: NO | T33: =_xlfn.CONCAT("axSIG[",AB5,"]") -> axSIG[] | U33: NO | V33: N/A | W33: FALSE
A34: Internal | B34: SIG-16 | C34: Debounced_Water_Level_L_L_Signal | D34: LEVEL | E34: RESERVED | F34: BOOL | G34: FLAG | H34: =_xlfn.CONCAT("0x",DEC2HEX(I34)) -> 0x3015 | I34: =I33+1 -> 12309 | J34: =_xlfn.CONCAT(0,I34+1) -> 012310 | K34: N/A | M34: 1 | N34: =_xlfn.CONCAT("%MX",INDEX('Mapping Sheet'!E:E,Table1[[#This Row],[Modbus Address]]-12287,1),".",INDEX('Mapping Sheet'!F:F,Table1[[#This Row],[Modbus Address]]-12287,1)) -> %MX1.5 | O34: N/A | P34: N/A | Q34: N/A | R34: N/A | S34: NO | T34: =_xlfn.CONCAT("axSIG[",AB6,"]") -> axSIG[] | U34: NO | V34: N/A | W34: FALSE
A35: Internal | B35: SIG-17 | C35: Debounced_Pressure_Signal | D35: PRESSURE | E35: RESERVED | F35: BOOL | G35: FLAG | H35: =_xlfn.CONCAT("0x",DEC2HEX(I35)) -> 0x3016 | I35: =I34+1 -> 12310 | J35: =_xlfn.CONCAT(0,I35+1) -> 012311 | K35: N/A | M35: 1 | N35: =_xlfn.CONCAT("%MX",INDEX('Mapping Sheet'!E:E,Table1[[#This Row],[Modbus Address]]-12287,1),".",INDEX('Mapping Sheet'!F:F,Table1[[#This Row],[Modbus Address]]-12287,1)) -> %MX1.6 | O35: N/A | P35: N/A | Q35: N/A | R35: N/A | S35: NO | T35: =_xlfn.CONCAT("axSIG[",AB7,"]") -> axSIG[] | U35: NO | V35: N/A | W35: FALSE
A36: Internal | B36: SIG-18 | C36: Debounced_Conductivity_Alarm_Signal | D36: CONDUCTIVITY | E36: RESERVED | F36: BOOL | G36: FLAG | H36: =_xlfn.CONCAT("0x",DEC2HEX(I36)) -> 0x3017 | I36: =I35+1 -> 12311 | J36: =_xlfn.CONCAT(0,I36+1) -> 012312 | K36: N/A | M36: 1 | N36: =_xlfn.CONCAT("%MX",INDEX('Mapping Sheet'!E:E,Table1[[#This Row],[Modbus Address]]-12287,1),".",INDEX('Mapping Sheet'!F:F,Table1[[#This Row],[Modbus Address]]-12287,1)) -> %MX1.7 | O36: N/A | P36: N/A | Q36: N/A | R36: N/A | S36: NO | T36: =_xlfn.CONCAT("axSIG[",AB8,"]") -> axSIG[] | U36: NO | V36: N/A | W36: FALSE
A37: Internal | B37: SIG-19 | C37: Debounced_Conductivity_Fault_Signal | D37: CONDUCTIVITY | E37: RESERVED | F37: BOOL | G37: FLAG | H37: =_xlfn.CONCAT("0x",DEC2HEX(I37)) -> 0x3018 | I37: =I36+1 -> 12312 | J37: =_xlfn.CONCAT(0,I37+1) -> 012313 | K37: N/A | M37: 1 | N37: =_xlfn.CONCAT("%MX",INDEX('Mapping Sheet'!E:E,Table1[[#This Row],[Modbus Address]]-12287,1),".",INDEX('Mapping Sheet'!F:F,Table1[[#This Row],[Modbus Address]]-12287,1)) -> %MX1.8 | O37: N/A | P37: N/A | Q37: N/A | R37: N/A | S37: NO | T37: =_xlfn.CONCAT("axSIG[",AB9,"]") -> axSIG[] | U37: NO | V37: N/A | W37: FALSE
A38: Internal | B38: SIG-20 | C38: Output_Water_Level_Low_Signal | D38: LEVEL | E38: RESERVED | F38: BOOL | G38: FLAG | H38: =_xlfn.CONCAT("0x",DEC2HEX(I38)) -> 0x3019 | I38: =I37+1 -> 12313 | J38: =_xlfn.CONCAT(0,I38+1) -> 012314 | K38: LAMP | L38: BitAddress | M38: 1 | N38: =_xlfn.CONCAT("%MX",INDEX('Mapping Sheet'!E:E,Table1[[#This Row],[Modbus Address]]-12287,1),".",INDEX('Mapping Sheet'!F:F,Table1[[#This Row],[Modbus Address]]-12287,1)) -> %MX1.9 | O38: N/A | P38: N/A | Q38: N/A | R38: N/A | S38: NO | T38: =_xlfn.CONCAT("axSIG[",AB10,"]") -> axSIG[] | U38: YES | V38: N/A | W38: FALSE
A39: Internal | B39: SIG-21 | C39: Output_Water_Level_Low_Low | D39: LEVEL | E39: RESERVED | F39: BOOL | G39: FLAG | H39: =_xlfn.CONCAT("0x",DEC2HEX(I39)) -> 0x301A | I39: =I38+1 -> 12314 | J39: =_xlfn.CONCAT(0,I39+1) -> 012315 | K39: LAMP | L39: BitAddress | M39: 1 | N39: =_xlfn.CONCAT("%MX",INDEX('Mapping Sheet'!E:E,Table1[[#This Row],[Modbus Address]]-12287,1),".",INDEX('Mapping Sheet'!F:F,Table1[[#This Row],[Modbus Address]]-12287,1)) -> %MX1.10 | O39: N/A | P39: N/A | Q39: N/A | R39: N/A | S39: NO | T39: =_xlfn.CONCAT("axSIG[",AB11,"]") -> axSIG[] | U39: YES | V39: N/A | W39: FALSE
A40: Internal | B40: SIG-22 | C40: Output_Pressure_Signal | D40: PRESSURE | E40: RESERVED | F40: BOOL | G40: FLAG | H40: =_xlfn.CONCAT("0x",DEC2HEX(I40)) -> 0x301B | I40: =I39+1 -> 12315 | J40: =_xlfn.CONCAT(0,I40+1) -> 012316 | K40: LAMP | L40: BitAddress | M40: 1 | N40: =_xlfn.CONCAT("%MX",INDEX('Mapping Sheet'!E:E,Table1[[#This Row],[Modbus Address]]-12287,1),".",INDEX('Mapping Sheet'!F:F,Table1[[#This Row],[Modbus Address]]-12287,1)) -> %MX1.11 | O40: N/A | P40: N/A | Q40: N/A | R40: N/A | S40: NO | T40: =_xlfn.CONCAT("axSIG[",AB12,"]") -> axSIG[] | U40: YES | V40: N/A | W40: FALSE
A41: Internal | B41: SIG-23 | C41: Output_Conductivity_Alarm_Signal | D41: CONDUCTIVITY | E41: RESERVED | F41: BOOL | G41: FLAG | H41: =_xlfn.CONCAT("0x",DEC2HEX(I41)) -> 0x301C | I41: =I40+1 -> 12316 | J41: =_xlfn.CONCAT(0,I41+1) -> 012317 | K41: LAMP | L41: BitAddress | M41: 1 | N41: =_xlfn.CONCAT("%MX",INDEX('Mapping Sheet'!E:E,Table1[[#This Row],[Modbus Address]]-12287,1),".",INDEX('Mapping Sheet'!F:F,Table1[[#This Row],[Modbus Address]]-12287,1)) -> %MX1.12 | O41: N/A | P41: N/A | Q41: N/A | R41: N/A | S41: NO | T41: =_xlfn.CONCAT("axSIG[",AB13,"]") -> axSIG[] | U41: YES | V41: N/A | W41: FALSE
A42: Internal | B42: SIG-24 | C42: Output_Conductivity_Fault_Signal | D42: CONDUCTIVITY | E42: RESERVED | F42: BOOL | G42: FLAG | H42: =_xlfn.CONCAT("0x",DEC2HEX(I42)) -> 0x301D | I42: =I41+1 -> 12317 | J42: =_xlfn.CONCAT(0,I42+1) -> 012318 | K42: LAMP | L42: BitAddress | M42: 1 | N42: =_xlfn.CONCAT("%MX",INDEX('Mapping Sheet'!E:E,Table1[[#This Row],[Modbus Address]]-12287,1),".",INDEX('Mapping Sheet'!F:F,Table1[[#This Row],[Modbus Address]]-12287,1)) -> %MX1.13 | O42: N/A | P42: N/A | Q42: N/A | R42: N/A | S42: NO | T42: =_xlfn.CONCAT("axSIG[",AB14,"]") -> axSIG[] | U42: YES | V42: N/A | W42: FALSE
A43: Internal | B43: SIG-25 | C43: Differential_Pump_Hours | D43: PUMP | E43: RESERVED | F43: DINT | G43: FLAG | H43: =_xlfn.CONCAT("0x",DEC2HEX(I43)) -> 0x30A4 | I43: =I104+101 -> 12452 | J43: =_xlfn.CONCAT(0,I43+1) -> 012453 | K43: N/A | M43: 32 | N43: =_xlfn.CONCAT("%MD",INDEX('Mapping Sheet'!G:G,Table1[[#This Row],[Modbus Address]]-12287,1)) -> %MD82 | O43: N/A | P43: N/A | Q43: N/A | R43: N/A | S43: NO | T43: =_xlfn.CONCAT("adiSW[",AB1,"]") -> adiSW[] | U43: NO | V43: N/A | W43: FALSE
A44: Internal | B44: SIG-26 | C44: System_Pulse | D44: SYSTEM | E44: RESERVED | F44: BOOL | G44: FLAG | H44: =_xlfn.CONCAT("0x",DEC2HEX(I44)) -> 0x301E | I44: =I42+1 -> 12318 | J44: =_xlfn.CONCAT(0,I44+1) -> 012319 | K44: N/A | M44: 1 | N44: =_xlfn.CONCAT("%MX",INDEX('Mapping Sheet'!E:E,Table1[[#This Row],[Modbus Address]]-12287,1),".",INDEX('Mapping Sheet'!F:F,Table1[[#This Row],[Modbus Address]]-12287,1)) -> %MX1.14 | O44: N/A | P44: N/A | Q44: N/A | R44: N/A | S44: NO | T44: =_xlfn.CONCAT("axSIG[",AB15,"]") -> axSIG[] | U44: NO | V44: N/A | W44: FALSE
A45: Internal | B45: SIG-27 | C45: Measured_Active_Pump__Voltage | D45: PUMP | E45: IN-USE | F45: REAL | G45: FLAG | H45: =_xlfn.CONCAT("0x",DEC2HEX(I45)) -> 0x3120 | I45: =I32+2 -> 12576 | J45: =_xlfn.CONCAT(4,I45+1) -> 412577 | K45: NUMERIC | L45: WordAddress | M45: 32 | N45: =_xlfn.CONCAT("%MD",INDEX('Mapping Sheet'!G:G,Table1[[#This Row],[Modbus Address]]-12287,1)) -> %MD144 | O45: N/A | P45: N/A | Q45: N/A | R45: N/A | S45: NO | T45: =_xlfn.CONCAT("arSW[",AB23,"]") -> arSW[] | U45: YES | V45: N/A | W45: FALSE
A46: Internal | B46: SIG-28 | C46: Measured_Active_Pump__Current | D46: PUMP | E46: IN-USE | F46: REAL | G46: FLAG | H46: =_xlfn.CONCAT("0x",DEC2HEX(I46)) -> 0x3122 | I46: =I45+2 -> 12578 | J46: =_xlfn.CONCAT(4,I46+1) -> 412579 | K46: NUMERIC | L46: WordAddress | M46: 32 | N46: =_xlfn.CONCAT("%MD",INDEX('Mapping Sheet'!G:G,Table1[[#This Row],[Modbus Address]]-12287,1)) -> %MD145 | O46: N/A | P46: N/A | Q46: N/A | R46: N/A | S46: NO | T46: =_xlfn.CONCAT("arSW[",AB24,"]") -> arSW[] | U46: YES | V46: N/A | W46: FALSE
A47: Internal | B47: SIG-29 | C47: AVAILABLE | E47: DEPRECATED | F47: REAL | G47: FLAG | H47: =_xlfn.CONCAT("0x",DEC2HEX(I47)) -> 0x3124 | I47: =I46+2 -> 12580 | J47: =_xlfn.CONCAT(4,I47+1) -> 412581 | K47: NUMERIC | L47: WordAddress | M47: 32 | N47: =_xlfn.CONCAT("%MD",INDEX('Mapping Sheet'!G:G,Table1[[#This Row],[Modbus Address]]-12287,1)) -> %MD146 | O47: N/A | P47: N/A | Q47: N/A | R47: N/A | S47: NO | T47: =_xlfn.CONCAT("arSW[",AB25,"]") -> arSW[] | U47: YES | V47: N/A | W47: FALSE
A48: Internal | B48: SIG-30 | C48: AVAILABLE | E48: DEPRECATED | F48: REAL | G48: FLAG | H48: =_xlfn.CONCAT("0x",DEC2HEX(I48)) -> 0x3126 | I48: =I47+2 -> 12582 | J48: =_xlfn.CONCAT(4,I48+1) -> 412583 | K48: N/A | M48: 32 | N48: =_xlfn.CONCAT("%MD",INDEX('Mapping Sheet'!G:G,Table1[[#This Row],[Modbus Address]]-12287,1)) -> %MD147 | O48: N/A | P48: N/A | Q48: N/A | R48: N/A | S48: NO | T48: =_xlfn.CONCAT("arSW[",AB26,"]") -> arSW[] | U48: YES | V48: N/A | W48: FALSE
A49: Internal | B49: SIG-31 | C49: Pump_1_Total_Hours | D49: PUMP | E49: IN-USE | F49: DINT | G49: FLAG | H49: =_xlfn.CONCAT("0x",DEC2HEX(I49)) -> 0x30A6 | I49: =I43+2 -> 12454 | J49: =_xlfn.CONCAT(4,I49+1) -> 412455 | K49: NUMERIC | L49: WordAddress | M49: 32 | N49: =_xlfn.CONCAT("%MD",INDEX('Mapping Sheet'!G:G,Table1[[#This Row],[Modbus Address]]-12287,1)) -> %MD83 | O49: N/A | P49: N/A | Q49: N/A | R49: N/A | S49: NO | T49: =_xlfn.CONCAT("adiSW[",AB2,"]") -> adiSW[] | U49: YES | V49: N/A | W49: FALSE
A50: Internal | B50: SIG-32 | C50: Pump_2_Total_Hours | D50: PUMP | E50: IN-USE | F50: DINT | G50: FLAG | H50: =_xlfn.CONCAT("0x",DEC2HEX(I50)) -> 0x30A8 | I50: =I49+2 -> 12456 | J50: =_xlfn.CONCAT(4,I50+1) -> 412457 | K50: NUMERIC | L50: WordAddress | M50: 32 | N50: =_xlfn.CONCAT("%MD",INDEX('Mapping Sheet'!G:G,Table1[[#This Row],[Modbus Address]]-12287,1)) -> %MD84 | O50: N/A | P50: N/A | Q50: N/A | R50: N/A | S50: NO | T50: =_xlfn.CONCAT("adiSW[",AB3,"]") -> adiSW[] | U50: YES | V50: N/A | W50: FALSE
A51: Alarm | B51: ALM-1 | C51: High_Coolant_Temperature_ | D51: RTD | E51: IN-USE | F51: BOOL | G51: FLAG | H51: =_xlfn.CONCAT("0x",DEC2HEX(I51)) -> 0x301F | I51: =I44+1 -> 12319 | J51: =_xlfn.CONCAT(0,I51+1) -> 012320 | K51: LAMP | L51: BitAddress | M51: 1 | N51: =_xlfn.CONCAT("%MX",INDEX('Mapping Sheet'!E:E,Table1[[#This Row],[Modbus Address]]-12287,1),".",INDEX('Mapping Sheet'!F:F,Table1[[#This Row],[Modbus Address]]-12287,1)) -> %MX1.15 | O51: N/A | P51: N/A | Q51: N/A | R51: N/A | S51: NO | T51: =_xlfn.CONCAT("axALM[",AB1,"]") -> axALM[] | U51: YES | V51: N/A | W51: FALSE
A52: Alarm | B52: ALM-2 | C52: Low_Coolant_Level_in_Vessel | D52: LEVEL | E52: IN-USE | F52: BOOL | G52: FLAG | H52: =_xlfn.CONCAT("0x",DEC2HEX(I52)) -> 0x3020 | I52: =I51+1 -> 12320 | J52: =_xlfn.CONCAT(0,I52+1) -> 012321 | K52: LAMP | L52: BitAddress | M52: 1 | N52: =_xlfn.CONCAT("%MX",INDEX('Mapping Sheet'!E:E,Table1[[#This Row],[Modbus Address]]-12287,1),".",INDEX('Mapping Sheet'!F:F,Table1[[#This Row],[Modbus Address]]-12287,1)) -> %MX2.0 | O52: N/A | P52: N/A | Q52: N/A | R52: N/A | S52: NO | T52: =_xlfn.CONCAT("axALM[",AB2,"]") -> axALM[] | U52: YES | V52: N/A | W52: FALSE
A53: Alarm | B53: ALM-3 | C53: High_Coolant_Conductivity_ | D53: CONDUCTIVITY | E53: IN-USE | F53: BOOL | G53: FLAG | H53: =_xlfn.CONCAT("0x",DEC2HEX(I53)) -> 0x3021 | I53: =I52+1 -> 12321 | J53: =_xlfn.CONCAT(0,I53+1) -> 012322 | K53: LAMP | L53: BitAddress | M53: 1 | N53: =_xlfn.CONCAT("%MX",INDEX('Mapping Sheet'!E:E,Table1[[#This Row],[Modbus Address]]-12287,1),".",INDEX('Mapping Sheet'!F:F,Table1[[#This Row],[Modbus Address]]-12287,1)) -> %MX2.1 | O53: N/A | P53: N/A | Q53: N/A | R53: N/A | S53: NO | T53: =_xlfn.CONCAT("axALM[",AB3,"]") -> axALM[] | U53: YES | V53: N/A | W53: FALSE
A54: Alarm | B54: ALM-4 | C54: Low_Hydraulic_Power | D54: PUMP | E54: IN-USE | F54: BOOL | G54: FLAG | H54: =_xlfn.CONCAT("0x",DEC2HEX(I54)) -> 0x3022 | I54: =I53+1 -> 12322 | J54: =_xlfn.CONCAT(0,I54+1) -> 012323 | K54: LAMP | L54: BitAddress | M54: 1 | N54: =_xlfn.CONCAT("%MX",INDEX('Mapping Sheet'!E:E,Table1[[#This Row],[Modbus Address]]-12287,1),".",INDEX('Mapping Sheet'!F:F,Table1[[#This Row],[Modbus Address]]-12287,1)) -> %MX2.2 | O54: N/A | P54: N/A | Q54: N/A | R54: N/A | S54: NO | T54: =_xlfn.CONCAT("axALM[",AB4,"]") -> axALM[] | U54: YES | V54: N/A | W54: FALSE
A55: Alarm | B55: ALM-5 | C55: Low_Hydraulic_Flow | D55: FLOW | E55: IN-USE | F55: BOOL | G55: FLAG | H55: =_xlfn.CONCAT("0x",DEC2HEX(I55)) -> 0x3023 | I55: =I54+1 -> 12323 | J55: =_xlfn.CONCAT(0,I55+1) -> 012324 | K55: LAMP | L55: BitAddress | M55: 1 | N55: =_xlfn.CONCAT("%MX",INDEX('Mapping Sheet'!E:E,Table1[[#This Row],[Modbus Address]]-12287,1),".",INDEX('Mapping Sheet'!F:F,Table1[[#This Row],[Modbus Address]]-12287,1)) -> %MX2.3 | O55: N/A | P55: N/A | Q55: N/A | R55: N/A | S55: NO | T55: =_xlfn.CONCAT("axALM[",AB5,"]") -> axALM[] | U55: YES | V55: N/A | W55: FALSE
A56: Alarm | B56: ALM-6 | C56: Low_Hydraulic_Pressure | D56: PRESSURE | E56: IN-USE | F56: BOOL | G56: FLAG | H56: =_xlfn.CONCAT("0x",DEC2HEX(I56)) -> 0x3024 | I56: =I55+1 -> 12324 | J56: =_xlfn.CONCAT(0,I56+1) -> 012325 | K56: LAMP | L56: BitAddress | M56: 1 | N56: =_xlfn.CONCAT("%MX",INDEX('Mapping Sheet'!E:E,Table1[[#This Row],[Modbus Address]]-12287,1),".",INDEX('Mapping Sheet'!F:F,Table1[[#This Row],[Modbus Address]]-12287,1)) -> %MX2.4 | O56: N/A | P56: N/A | Q56: N/A | R56: N/A | S56: NO | T56: =_xlfn.CONCAT("axALM[",AB6,"]") -> axALM[] | U56: YES | V56: N/A | W56: FALSE
A57: Alarm | B57: ALM-7 | C57: Voltage_Signal_Malfunction | D57: PUMP | E57: IN-USE | F57: BOOL | G57: FLAG | H57: =_xlfn.CONCAT("0x",DEC2HEX(I57)) -> 0x3025 | I57: =I56+1 -> 12325 | J57: =_xlfn.CONCAT(0,I57+1) -> 012326 | K57: LAMP | L57: BitAddress | M57: 1 | N57: =_xlfn.CONCAT("%MX",INDEX('Mapping Sheet'!E:E,Table1[[#This Row],[Modbus Address]]-12287,1),".",INDEX('Mapping Sheet'!F:F,Table1[[#This Row],[Modbus Address]]-12287,1)) -> %MX2.5 | O57: N/A | P57: N/A | Q57: N/A | R57: N/A | S57: NO | T57: =_xlfn.CONCAT("axALM[",AB7,"]") -> axALM[] | U57: YES | V57: N/A | W57: FALSE
A58: Alarm | B58: ALM-8 | C58: Current_Signal_Malfunction | D58: PUMP | E58: IN-USE | F58: BOOL | G58: FLAG | H58: =_xlfn.CONCAT("0x",DEC2HEX(I58)) -> 0x3026 | I58: =I57+1 -> 12326 | J58: =_xlfn.CONCAT(0,I58+1) -> 012327 | K58: LAMP | L58: BitAddress | M58: 1 | N58: =_xlfn.CONCAT("%MX",INDEX('Mapping Sheet'!E:E,Table1[[#This Row],[Modbus Address]]-12287,1),".",INDEX('Mapping Sheet'!F:F,Table1[[#This Row],[Modbus Address]]-12287,1)) -> %MX2.6 | O58: N/A | P58: N/A | Q58: N/A | R58: N/A | S58: NO | T58: =_xlfn.CONCAT("axALM[",AB8,"]") -> axALM[] | U58: YES | V58: N/A | W58: FALSE
A59: Alarm | B59: ALM-9 | C59: Primary_Hydraulic_Failure | D59: PUMP, FLOW, PRESSURE | E59: IN-USE | F59: BOOL | G59: FLAG | H59: =_xlfn.CONCAT("0x",DEC2HEX(I59)) -> 0x3027 | I59: =I58+1 -> 12327 | J59: =_xlfn.CONCAT(0,I59+1) -> 012328 | K59: LAMP | L59: BitAddress | M59: 1 | N59: =_xlfn.CONCAT("%MX",INDEX('Mapping Sheet'!E:E,Table1[[#This Row],[Modbus Address]]-12287,1),".",INDEX('Mapping Sheet'!F:F,Table1[[#This Row],[Modbus Address]]-12287,1)) -> %MX2.7 | O59: N/A | P59: N/A | Q59: N/A | R59: N/A | S59: NO | T59: =_xlfn.CONCAT("axALM[",AB9,"]") -> axALM[] | U59: YES | V59: N/A | W59: FALSE
A60: Alarm | B60: ALM-10 | C60: Secondary_Hydraulic_Failure | D60: PUMP, FLOW, PRESSURE | E60: IN-USE | F60: BOOL | G60: FLAG | H60: =_xlfn.CONCAT("0x",DEC2HEX(I60)) -> 0x3028 | I60: =I59+1 -> 12328 | J60: =_xlfn.CONCAT(0,I60+1) -> 012329 | K60: LAMP | L60: BitAddress | M60: 1 | N60: =_xlfn.CONCAT("%MX",INDEX('Mapping Sheet'!E:E,Table1[[#This Row],[Modbus Address]]-12287,1),".",INDEX('Mapping Sheet'!F:F,Table1[[#This Row],[Modbus Address]]-12287,1)) -> %MX2.8 | O60: N/A | P60: N/A | Q60: N/A | R60: N/A | S60: NO | T60: =_xlfn.CONCAT("axALM[",AB10,"]") -> axALM[] | U60: YES | V60: N/A | W60: FALSE
A61: Alarm | B61: ALM-11 | C61: Automatic_Valve_Control_Disabled | D61: VALVE | E61: IN-USE | F61: BOOL | G61: FLAG | H61: =_xlfn.CONCAT("0x",DEC2HEX(I61)) -> 0x3029 | I61: =I60+1 -> 12329 | J61: =_xlfn.CONCAT(0,I61+1) -> 012330 | K61: LAMP | L61: BitAddress | M61: 1 | N61: =_xlfn.CONCAT("%MX",INDEX('Mapping Sheet'!E:E,Table1[[#This Row],[Modbus Address]]-12287,1),".",INDEX('Mapping Sheet'!F:F,Table1[[#This Row],[Modbus Address]]-12287,1)) -> %MX2.9 | O61: N/A | P61: N/A | Q61: N/A | R61: N/A | S61: NO | T61: =_xlfn.CONCAT("axALM[",AB11,"]") -> axALM[] | U61: YES | V61: N/A | W61: FALSE
A62: Alarm | B62: ALM-12 | C62: Automatic_Fan_Control_Disabled | D62: FAN | E62: IN-USE | F62: BOOL | G62: FLAG | H62: =_xlfn.CONCAT("0x",DEC2HEX(I62)) -> 0x302A | I62: =I61+1 -> 12330 | J62: =_xlfn.CONCAT(0,I62+1) -> 012331 | K62: LAMP | L62: BitAddress | M62: 1 | N62: =_xlfn.CONCAT("%MX",INDEX('Mapping Sheet'!E:E,Table1[[#This Row],[Modbus Address]]-12287,1),".",INDEX('Mapping Sheet'!F:F,Table1[[#This Row],[Modbus Address]]-12287,1)) -> %MX2.10 | O62: N/A | P62: N/A | Q62: N/A | R62: N/A | S62: NO | T62: =_xlfn.CONCAT("axALM[",AB12,"]") -> axALM[] | U62: YES | V62: N/A | W62: FALSE
A63: Alarm | B63: ALM-13 | C63: Flow_Signal_Malfunction | D63: FLOW | E63: IN-USE | F63: BOOL | G63: FLAG | H63: =_xlfn.CONCAT("0x",DEC2HEX(I63)) -> 0x302B | I63: =I62+1 -> 12331 | J63: =_xlfn.CONCAT(0,I63+1) -> 012332 | K63: LAMP | L63: BitAddress | M63: 1 | N63: =_xlfn.CONCAT("%MX",INDEX('Mapping Sheet'!E:E,Table1[[#This Row],[Modbus Address]]-12287,1),".",INDEX('Mapping Sheet'!F:F,Table1[[#This Row],[Modbus Address]]-12287,1)) -> %MX2.11 | O63: N/A | P63: N/A | Q63: N/A | R63: N/A | S63: NO | T63: =_xlfn.CONCAT("axALM[",AB13,"]") -> axALM[] | U63: YES | V63: N/A | W63: FALSE
... A67: Alarm | B67: ALM-17 | C67: Pump_Cycle_Alarm | D67: PUMP | E67: IN-USE | F67: BOOL | G67: FLAG | H67: =_xlfn.CONCAT("0x",DEC2HEX(I67)) -> 0x302F | I67: =I66+1 -> 12335 | J67: =_xlfn.CONCAT(0,I67+1) -> 012336 | K67: LAMP | L67: BitAddress | M67: 1 | N67: =_xlfn.CONCAT("%MX",INDEX('Mapping Sheet'!E:E,Table1[[#This Row],[Modbus Address]]-12287,1),".",INDEX('Mapping Sheet'!F:F,Table1[[#This Row],[Modbus Address]]-12287,1)) -> %MX2.15 | O67: N/A | P67: N/A | Q67: N/A | R67: N/A | S67: NO | T67: =_xlfn.CONCAT("axALM[",AB17,"]") -> axALM[] | U67: YES | V67: N/A | W67: FALSE
A68: Fault | B68: FLT-1 | C68: Critical_Temperature | D68: RTD | E68: IN-USE | F68: BOOL | G68: FLAG | H68: =_xlfn.CONCAT("0x",DEC2HEX(I68)) -> 0x3030 | I68: =I67+1 -> 12336 | J68: =_xlfn.CONCAT(0,I68+1) -> 012337 | K68: LAMP | L68: BitAddress | M68: 1 | N68: =_xlfn.CONCAT("%MX",INDEX('Mapping Sheet'!E:E,Table1[[#This Row],[Modbus Address]]-12287,1),".",INDEX('Mapping Sheet'!F:F,Table1[[#This Row],[Modbus Address]]-12287,1)) -> %MX3.0 | O68: N/A | P68: N/A | Q68: N/A | R68: N/A | S68: NO | T68: =_xlfn.CONCAT("axFLT[",AB1,"]") -> axFLT[] | U68: YES | V68: N/A | W68: FALSE
A69: Fault | B69: FLT-2 | C69: Critical_Vessel_Level | D69: LEVEL | E69: IN-USE | F69: BOOL | G69: FLAG | H69: =_xlfn.CONCAT("0x",DEC2HEX(I69)) -> 0x3031 | I69: =I68+1 -> 12337 | J69: =_xlfn.CONCAT(0,I69+1) -> 012338 | K69: LAMP | L69: BitAddress | M69: 1 | N69: =_xlfn.CONCAT("%MX",INDEX('Mapping Sheet'!E:E,Table1[[#This Row],[Modbus Address]]-12287,1),".",INDEX('Mapping Sheet'!F:F,Table1[[#This Row],[Modbus Address]]-12287,1)) -> %MX3.1 | O69: N/A | P69: N/A | Q69: N/A | R69: N/A | S69: NO | T69: =_xlfn.CONCAT("axFLT[",AB2,"]") -> axFLT[] | U69: YES | V69: N/A | W69: FALSE
A70: Fault | B70: FLT-3 | C70: Critical_Conductivity | D70: CONDUCTIVITY | E70: IN-USE | F70: BOOL | G70: FLAG | H70: =_xlfn.CONCAT("0x",DEC2HEX(I70)) -> 0x3032 | I70: =I69+1 -> 12338 | J70: =_xlfn.CONCAT(0,I70+1) -> 012339 | K70: LAMP | L70: BitAddress | M70: 1 | N70: =_xlfn.CONCAT("%MX",INDEX('Mapping Sheet'!E:E,Table1[[#This Row],[Modbus Address]]-12287,1),".",INDEX('Mapping Sheet'!F:F,Table1[[#This Row],[Modbus Address]]-12287,1)) -> %MX3.2 | O70: N/A | P70: N/A | Q70: N/A | R70: N/A | S70: NO | T70: =_xlfn.CONCAT("axFLT[",AB3,"]") -> axFLT[] | U70: YES | V70: N/A | W70: FALSE
A71: Fault | B71: FLT-4 | C71: Level_Sensor_Malfunction | D71: LEVEL | E71: IN-USE | F71: BOOL | G71: FLAG | H71: =_xlfn.CONCAT("0x",DEC2HEX(I71)) -> 0x3033 | I71: =I70+1 -> 12339 | J71: =_xlfn.CONCAT(0,I71+1) -> 012340 | K71: LAMP | L71: BitAddress | M71: 1 | N71: =_xlfn.CONCAT("%MX",INDEX('Mapping Sheet'!E:E,Table1[[#This Row],[Modbus Address]]-12287,1),".",INDEX('Mapping Sheet'!F:F,Table1[[#This Row],[Modbus Address]]-12287,1)) -> %MX3.3 | O71: N/A | P71: N/A | Q71: N/A | R71: N/A | S71: NO | T71: =_xlfn.CONCAT("axFLT[",AB4,"]") -> axFLT[] | U71: YES | V71: N/A | W71: FALSE
A72: Fault | B72: FLT-5 | C72: Conductivity_Sensor_Malfunction | D72: CONDUCTIVITY | E72: IN-USE | F72: BOOL | G72: FLAG | H72: =_xlfn.CONCAT("0x",DEC2HEX(I72)) -> 0x3034 | I72: =I71+1 -> 12340 | J72: =_xlfn.CONCAT(0,I72+1) -> 012341 | K72: LAMP | L72: BitAddress | M72: 1 | N72: =_xlfn.CONCAT("%MX",INDEX('Mapping Sheet'!E:E,Table1[[#This Row],[Modbus Address]]-12287,1),".",INDEX('Mapping Sheet'!F:F,Table1[[#This Row],[Modbus Address]]-12287,1)) -> %MX3.4 | O72: N/A | P72: N/A | Q72: N/A | R72: N/A | S72: NO | T72: =_xlfn.CONCAT("axFLT[",AB5,"]") -> axFLT[] | U72: YES | V72: N/A | W72: FALSE
A73: Fault | B73: FLT-6 | C73: Bingo_Pumps | D73: PUMP | E73: IN-USE | F73: BOOL | G73: FLAG | H73: =_xlfn.CONCAT("0x",DEC2HEX(I73)) -> 0x3035 | I73: =I72+1 -> 12341 | J73: =_xlfn.CONCAT(0,I73+1) -> 012342 | K73: LAMP | L73: BitAddress | M73: 1 | N73: =_xlfn.CONCAT("%MX",INDEX('Mapping Sheet'!E:E,Table1[[#This Row],[Modbus Address]]-12287,1),".",INDEX('Mapping Sheet'!F:F,Table1[[#This Row],[Modbus Address]]-12287,1)) -> %MX3.5 | O73: N/A | P73: N/A | Q73: N/A | R73: N/A | S73: NO | T73: =_xlfn.CONCAT("axFLT[",AB6,"]") -> axFLT[] | U73: YES | V73: N/A | W73: FALSE
A74: Fault | B74: FLT-7 | C74: Temperature_Sensor_Malfunction | D74: RTD | E74: IN-USE | F74: BOOL | G74: FLAG | H74: =_xlfn.CONCAT("0x",DEC2HEX(I74)) -> 0x3036 | I74: =I73+1 -> 12342 | J74: =_xlfn.CONCAT(0,I74+1) -> 012343 | K74: LAMP | L74: BitAddress | M74: 1 | N74: =_xlfn.CONCAT("%MX",INDEX('Mapping Sheet'!E:E,Table1[[#This Row],[Modbus Address]]-12287,1),".",INDEX('Mapping Sheet'!F:F,Table1[[#This Row],[Modbus Address]]-12287,1)) -> %MX3.6 | O74: N/A | P74: N/A | Q74: N/A | R74: N/A | S74: NO | T74: =_xlfn.CONCAT("axFLT[",AB7,"]") -> axFLT[] | U74: YES | V74: N/A | W74: FALSE
A75: Fault | B75: FLT-8 | C75: Bad_Valve_Pos | D75: VALVE | E75: IN-USE | F75: BOOL | G75: FLAG | H75: =_xlfn.CONCAT("0x",DEC2HEX(I75)) -> 0x3037 | I75: =I74+1 -> 12343 | J75: =_xlfn.CONCAT(0,I75+1) -> 012344 | K75: LAMP | L75: BitAddress | M75: 1 | N75: =_xlfn.CONCAT("%MX",INDEX('Mapping Sheet'!E:E,Table1[[#This Row],[Modbus Address]]-12287,1),".",INDEX('Mapping Sheet'!F:F,Table1[[#This Row],[Modbus Address]]-12287,1)) -> %MX3.7 | O75: N/A | P75: N/A | Q75: N/A | R75: N/A | S75: NO | T75: =_xlfn.CONCAT("axFLT[",AB8,"]") -> axFLT[] | U75: YES | V75: N/A | W75: FALSE
A76: Fault | B76: FLT-9 | C76: Master_Fault_Signal | D76: SYSTEM | E76: IN-USE | F76: BOOL | G76: FLAG | H76: =_xlfn.CONCAT("0x",DEC2HEX(I76)) -> 0x3038 | I76: =I75+1 -> 12344 | J76: =_xlfn.CONCAT(0,I76+1) -> 012345 | K76: LAMP | L76: BitAddress | M76: 1 | N76: =_xlfn.CONCAT("%MX",INDEX('Mapping Sheet'!E:E,Table1[[#This Row],[Modbus Address]]-12287,1),".",INDEX('Mapping Sheet'!F:F,Table1[[#This Row],[Modbus Address]]-12287,1)) -> %MX3.8 | O76: N/A | P76: N/A | Q76: N/A | R76: N/A | S76: NO | T76: =_xlfn.CONCAT("axFLT[",AB9,"]") -> axFLT[] | U76: YES | V76: N/A | W76: FALSE
A77: Physical | B77: PHY-1 | C77: Conductivity_Analog | D77: CONDUCTIVITY | E77: IN-USE | F77: WORD | G77: INTERNAL I/O | H77: NOT ACCESSIBLE | I77: NOT ACCESSIBLE | J77: NOT ACCESSIBLE | K77: N/A | M77: 16 | N77: %IW0 | O77: 8 | P77: 750-492 | Q77: 1 | R77: INPUT | S77: YES | T77: wrFlow | U77: NO | V77: N/A | W77: FALSE
A78: Physical | B78: PHY-2 | C78: RTD_1 | D78: RTD | E78: IN-USE | F78: INT | G78: INTERNAL I/O | H78: NOT ACCESSIBLE | I78: NOT ACCESSIBLE | J78: NOT ACCESSIBLE | K78: N/A | M78: 16 | N78: %IW2 | O78: 9 | P78: 750-461 | Q78: 1 | R78: INPUT | S78: YES | T78: wrRTD1 | U78: NO | V78: N/A | W78: FALSE
A79: Physical | B79: PHY-3 | C79: RTD_2 | D79: RTD | E79: IN-USE | F79: INT | G79: INTERNAL I/O | H79: NOT ACCESSIBLE | I79: NOT ACCESSIBLE | J79: NOT ACCESSIBLE | K79: N/A | M79: 16 | N79: %IW3 | O79: 9 | P79: 750-461 | Q79: 2 | R79: INPUT | S79: YES | T79: wrRTD2 | U79: NO | V79: N/A | W79: FALSE
A80: Physical | B80: PHY-4 | C80: RTD_3 | D80: RTD | E80: IN-USE | F80: INT | G80: INTERNAL I/O | H80: NOT ACCESSIBLE | I80: NOT ACCESSIBLE | J80: NOT ACCESSIBLE | K80: N/A | M80: 16 | N80: %IW4 | O80: 10 | P80: 750-461 | Q80: 1 | R80: INPUT | S80: YES | T80: wrRTD3 | U80: NO | V80: N/A | W80: FALSE
A81: Physical | B81: PHY-5 | C81: AVAILABLE | E81: DEPRECATED | F81: WORD | G81: INTERNAL I/O | H81: NOT ACCESSIBLE | I81: NOT ACCESSIBLE | J81: NOT ACCESSIBLE | K81: N/A | M81: 16 | R81: INPUT | S81: YES | U81: NO | V81: N/A | W81: FALSE
A82: Physical | B82: PHY-6 | C82: AVAILABLE | E82: DEPRECATED | F82: WORD | G82: INTERNAL I/O | H82: NOT ACCESSIBLE | I82: NOT ACCESSIBLE | J82: NOT ACCESSIBLE | K82: N/A | M82: 16 | R82: INPUT | S82: YES | U82: NO | V82: N/A | W82: FALSE
A83: Physical | B83: PHY-7 | C83: Flow_Analog | D83: FLOW | E83: IN-USE | F83: WORD | G83: INTERNAL I/O | H83: NOT ACCESSIBLE | I83: NOT ACCESSIBLE | J83: NOT ACCESSIBLE | K83: N/A | M83: 16 | N83: %IW1 | O83: 8 | P83: 750-492 | Q83: 2 | R83: INPUT | S83: YES | T83: wrConductivity | U83: NO | V83: N/A | W83: FALSE
A84: Physical | B84: PHY-8 | C84: Conductivity_Alarm | D84: CONDUCTIVITY | E84: IN-USE | F84: BOOL | G84: INTERNAL I/O | H84: NOT ACCESSIBLE | I84: NOT ACCESSIBLE | J84: NOT ACCESSIBLE | K84: N/A | M84: 1 | N84: %IX10.2 | O84: 2 | P84: 750-403 | Q84: 1 | R84: INPUT | S84: YES | T84: xrCondAlm | U84: NO | V84: N/A | W84: FALSE
A85: Physical | B85: PHY-9 | C85: Conductivity_Fault | D85: CONDUCTIVITY | E85: IN-USE | F85: BOOL | G85: INTERNAL I/O | H85: NOT ACCESSIBLE | I85: NOT ACCESSIBLE | J85: NOT ACCESSIBLE | K85: N/A | M85: 1 | N85: %IX10.3 | O85: 2 | P85: 750-403 | Q85: 2 | R85: INPUT | S85: YES | T85: xrCondFlt | U85: NO | V85: N/A | W85: FALSE
A86: Physical | B86: PHY-10 | C86: Level_Low_Switch | D86: LEVEL | E86: IN-USE | F86: BOOL | G86: INTERNAL I/O | H86: NOT ACCESSIBLE | I86: NOT ACCESSIBLE | J86: NOT ACCESSIBLE | K86: N/A | M86: 1 | N86: %IX10.0 | O86: 1 | P86: 750-400 | Q86: 1 | R86: INPUT | S86: YES | T86: xrWaterLow | U86: NO | V86: N/A | W86: FALSE
A87: Physical | B87: PHY-11 | C87: Level_Low_Low_Switch | D87: LEVEL | E87: IN-USE | F87: BOOL | G87: INTERNAL I/O | H87: NOT ACCESSIBLE | I87: NOT ACCESSIBLE | J87: NOT ACCESSIBLE | K87: N/A | M87: 1 | N87: %IX10.1 | O87: 1 | P87: 750-400 | Q87: 2 | R87: INPUT | S87: YES | T87: xrWaterLowLow | U87: NO | V87: N/A | W87: FALSE
A88: Physical | B88: PHY-12 | C88: Fan_1_Enable | D88: FAN | E88: IN-USE | F88: BOOL | G88: INTERNAL I/O | H88: NOT ACCESSIBLE | I88: NOT ACCESSIBLE | J88: NOT ACCESSIBLE | K88: N/A | M88: 1 | N88: %QX2.1 | O88: 5 | P88: 750-530 | Q88: 2 | R88: OUTPUT | S88: YES | T88: xrFan1Active | U88: NO | V88: N/A | W88: TRUE
A89: Physical | B89: PHY-13 | C89: Fan_2_Enable | D89: FAN | E89: IN-USE | F89: BOOL | G89: INTERNAL I/O | H89: NOT ACCESSIBLE | I89: NOT ACCESSIBLE | J89: NOT ACCESSIBLE | K89: N/A | M89: 1 | N89: %QX2.3 | O89: 5 | P89: 750-530 | Q89: 4 | R89: OUTPUT | S89: YES | T89: xrFan2Active | U89: NO | V89: N/A | W89: TRUE
A90: Physical | B90: PHY-14 | C90: Pump_1_Enable | D90: PUMP | E90: IN-USE | F90: BOOL | G90: INTERNAL I/O | H90: NOT ACCESSIBLE | I90: NOT ACCESSIBLE | J90: NOT ACCESSIBLE | K90: N/A | M90: 1 | N90: %QX2.0 | O90: 5 | P90: 750-530 | Q90: 1 | R90: OUTPUT | S90: YES | T90: xrPump1Active | U90: NO | V90: N/A | W90: TRUE
A91: Physical | B91: PHY-15 | C91: Pump_2_Enable | D91: PUMP | E91: IN-USE | F91: BOOL | G91: INTERNAL I/O | H91: NOT ACCESSIBLE | I91: NOT ACCESSIBLE | J91: NOT ACCESSIBLE | K91: N/A | M91: 1 | N91: %QX2.2 | O91: 5 | P91: 750-530 | Q91: 3 | R91: OUTPUT | S91: YES | T91: xrPump2Active | U91: NO | V91: N/A | W91: TRUE
A92: Physical | B92: PHY-16 | C92: Valve_Actuation_Signal | D92: VALVE | E92: IN-USE | F92: WORD | G92: INTERNAL I/O | H92: NOT ACCESSIBLE | I92: NOT ACCESSIBLE | J92: NOT ACCESSIBLE | K92: N/A | M92: 16 | N92: %QW0 | O92: 12 | P92: 750-554 | Q92: 1 | R92: OUTPUT | S92: YES | T92: wrAct | U92: NO | V92: N/A | W92: TRUE
A93: Physical | B93: PHY-17 | C93: Pressure_Switch_Signal | D93: PRESSURE | E93: IN-USE | F93: BOOL | G93: INTERNAL I/O | H93: NOT ACCESSIBLE | I93: NOT ACCESSIBLE | J93: NOT ACCESSIBLE | K93: N/A | M93: 1 | N93: %IX10.4 | O93: 2 | P93: 750-403 | Q93: 3 | R93: INPUT | S93: YES | T93: xrPress | U93: NO | V93: N/A | W93: FALSE
A94: Physical | B94: PHY-18 | C94: Active_Pump__Current | D94: PUMP | E94: IN-USE | F94: WORD | G94: INTERNAL I/O | H94: NOT ACCESSIBLE | I94: NOT ACCESSIBLE | J94: NOT ACCESSIBLE | K94: N/A | M94: 16 | N94: %IW6 | O94: 11 | P94: 750-455 | Q94: 1 | R94: INPUT | S94: YES | T94: wrCurrent1 | U94: NO | V94: N/A | W94: FALSE
... A96: Physical | B96: PHY-20 | C96: Valve_Feedback_Signal | D96: VALVE | E96: IN-USE | F96: WORD | G96: INTERNAL I/O | H96: NOT ACCESSIBLE | I96: NOT ACCESSIBLE | J96: NOT ACCESSIBLE | K96: N/A | M96: 16 | N96: %IW8 | O96: 11 | P96: 750-455 | Q96: 3 | R96: INPUT | S96: YES | T96: wrCurrent2 | U96: NO | V96: N/A | W96: FALSE
A97: Physical | B97: PHY-21 | C97: AVAILABLE | E97: DEPRECATED | F97: WORD | G97: INTERNAL I/O | H97: NOT ACCESSIBLE | I97: NOT ACCESSIBLE | J97: NOT ACCESSIBLE | K97: N/A | M97: 16 | N97: %IW9 | O97: 11 | P97: 750-455 | Q97: 4 | R97: INPUT | S97: YES | T97: wrVoltage2 | U97: NO | V97: N/A | W97: FALSE
A98: Internal | B98: SIG-33 | C98: Primary_Pump_Active | D98: PUMP | E98: IN-USE | F98: BOOL | G98: FLAG | H98: =_xlfn.CONCAT("0x",DEC2HEX(I98)) -> 0x3039 | I98: =I76+1 -> 12345 | J98: =_xlfn.CONCAT(0,I98+1) -> 012346 | K98: LAMP | L98: BitAddress | M98: 1 | N98: =_xlfn.CONCAT("%MX",INDEX('Mapping Sheet'!E:E,Table1[[#This Row],[Modbus Address]]-12287,1),".",INDEX('Mapping Sheet'!F:F,Table1[[#This Row],[Modbus Address]]-12287,1)) -> %MX3.9 | O98: N/A | P98: N/A | Q98: N/A | R98: N/A | S98: NO | U98: YES | V98: N/A | W98: TRUE
A99: Internal | B99: SIG-34 | C99: Secondary_Pump__Active | D99: PUMP | E99: IN-USE | F99: BOOL | G99: FLAG | H99: =_xlfn.CONCAT("0x",DEC2HEX(I99)) -> 0x303A | I99: =I98+1 -> 12346 | J99: =_xlfn.CONCAT(0,I99+1) -> 012347 | K99: LAMP | L99: BitAddress | M99: 1 | N99: =_xlfn.CONCAT("%MX",INDEX('Mapping Sheet'!E:E,Table1[[#This Row],[Modbus Address]]-12287,1),".",INDEX('Mapping Sheet'!F:F,Table1[[#This Row],[Modbus Address]]-12287,1)) -> %MX3.10 | O99: N/A | P99: N/A | Q99: N/A | R99: N/A | S99: NO | U99: YES | V99: N/A | W99: TRUE
A100: Internal | B100: SIG-35 | C100: Simplex_Mode_Active | D100: PUMP | E100: IN-USE | F100: BOOL | G100: FLAG | H100: =_xlfn.CONCAT("0x",DEC2HEX(I100)) -> 0x303B | I100: =I99+1 -> 12347 | J100: =_xlfn.CONCAT(0,I100+1) -> 012348 | K100: LAMP | L100: BitAddress | M100: 1 | N100: =_xlfn.CONCAT("%MX",INDEX('Mapping Sheet'!E:E,Table1[[#This Row],[Modbus Address]]-12287,1),".",INDEX('Mapping Sheet'!F:F,Table1[[#This Row],[Modbus Address]]-12287,1)) -> %MX3.11 | O100: N/A | P100: N/A | Q100: N/A | R100: N?A | S100: NO | U100: YES | V100: N/A | W100: TRUE
A101: Internal | B101: SIG-36 | C101: Fan_1_Active | D101: FAN | E101: IN-USE | F101: BOOL | G101: FLAG | H101: =_xlfn.CONCAT("0x",DEC2HEX(I101)) -> 0x303C | I101: =I100+1 -> 12348 | J101: =_xlfn.CONCAT(0,I101+1) -> 012349 | K101: LAMP | L101: BitAddress | M101: 1 | N101: =_xlfn.CONCAT("%MX",INDEX('Mapping Sheet'!E:E,Table1[[#This Row],[Modbus Address]]-12287,1),".",INDEX('Mapping Sheet'!F:F,Table1[[#This Row],[Modbus Address]]-12287,1)) -> %MX3.12 | O101: N/A | P101: N/A | Q101: N/A | R101: N/A | S101: NO | U101: YES | V101: N/A | W101: TRUE
A102: Internal | B102: SIG-37 | C102: Fan_2_Active | D102: FAN | E102: IN-USE | F102: BOOL | G102: FLAG | H102: =_xlfn.CONCAT("0x",DEC2HEX(I102)) -> 0x303D | I102: =I101+1 -> 12349 | J102: =_xlfn.CONCAT(0,I102+1) -> 012350 | K102: LAMP | L102: BitAddress | M102: 1 | N102: =_xlfn.CONCAT("%MX",INDEX('Mapping Sheet'!E:E,Table1[[#This Row],[Modbus Address]]-12287,1),".",INDEX('Mapping Sheet'!F:F,Table1[[#This Row],[Modbus Address]]-12287,1)) -> %MX3.13 | O102: N/A | P102: N/A | Q102: N/A | R102: N/A | S102: NO | U102: YES | V102: N/A | W102: TRUE
A103: Internal | B103: SIG-38 | C103: Enable_Pump_Cycling | D103: PUMP | E103: IN-USE | F103: BOOL | G103: FLAG | H103: =_xlfn.CONCAT("0x",DEC2HEX(I103)) -> 0x303E | I103: =I102+1 -> 12350 | J103: =_xlfn.CONCAT(0,I103+1) -> 012351 | K103: LAMP | L103: BitAddress | M103: 1 | N103: =_xlfn.CONCAT("%MX",INDEX('Mapping Sheet'!E:E,Table1[[#This Row],[Modbus Address]]-12287,1),".",INDEX('Mapping Sheet'!F:F,Table1[[#This Row],[Modbus Address]]-12287,1)) -> %MX3.14 | O103: N/A | P103: N/A | Q103: N/A | R103: N/A | S103: NO | U103: YES | W103: TRUE
A104: Internal | B104: SIG-39 | C104: System_Diagnostics | D104: SYSTEM | E104: IN-USE | F104: BOOL | G104: FLAG | H104: =_xlfn.CONCAT("0x",DEC2HEX(I104)) -> 0x303F | I104: =I103+1 -> 12351 | J104: =_xlfn.CONCAT(0,I104+1) -> 012352 | K104: LAMP | L104: BitAddress | M104: 1 | N104: =_xlfn.CONCAT("%MX",INDEX('Mapping Sheet'!E:E,Table1[[#This Row],[Modbus Address]]-12287,1),".",INDEX('Mapping Sheet'!F:F,Table1[[#This Row],[Modbus Address]]-12287,1)) -> %MX3.15 | O104: N/A | P104: N/A | Q104: N/A | R104: N/A | S104: NO | U104: YES | W104: FALSE
...

Sheet Symbol Table
A1: GP-Pro EX | K1: =A1 -> GP-Pro EX
A2: File Type | B2: SymbolVariable | K2: =_xlfn.CONCAT(A2,",",B2) -> File Type,SymbolVariable
A3: File Version | B3: 3 | C3: 0 | K3: =_xlfn.CONCAT(A3,",",B3,",",C3) -> File Version,3,0
A5: Name | B5: Index | C5: Type | D5: External/Internal | E5: Address | F5: Keep | G5: Comment | K5: =_xlfn.CONCAT(A5,",",B5,",",C5,",",D5,",",E5,",",F5,",",G5) -> Name,Index,Type,External/Internal,Address,Keep,Comment
A6: ='Point List'!C3 -> System_Start | C6: ='Point List'!L3 -> BitAddress | D6: PLC1 | E6: ='Point List'!J3 -> 012289 | K6: =_xlfn.CONCAT(A6,",",B6,",",C6,",",D6,",",E6,",",F6,",",G6) -> System_Start,,BitAddress,PLC1,012289,,
A7: ='Point List'!C4 -> System_Shutdown | C7: ='Point List'!L4 -> BitAddress | D7: PLC1 | E7: ='Point List'!J4 -> 012290 | K7: =_xlfn.CONCAT(A7,",",B7,",",C7,",",D7,",",E7,",",F7,",",G7) -> System_Shutdown,,BitAddress,PLC1,012290,,
A8: ='Point List'!C5 -> Simplex_Mode | C8: ='Point List'!L5 -> BitAddress | D8: PLC1 | E8: ='Point List'!J5 -> 012291 | K8: =_xlfn.CONCAT(A8,",",B8,",",C8,",",D8,",",E8,",",F8,",",G8) -> Simplex_Mode,,BitAddress,PLC1,012291,,
A9: ='Point List'!C6 -> Manual_Turnover | C9: ='Point List'!L6 -> BitAddress | D9: PLC1 | E9: ='Point List'!J6 -> 012292 | K9: =_xlfn.CONCAT(A9,",",B9,",",C9,",",D9,",",E9,",",F9,",",G9) -> Manual_Turnover,,BitAddress,PLC1,012292,,
A10: ='Point List'!C7 -> Enable_Manual_Valve_Control | C10: ='Point List'!L7 -> BitAddress | D10: PLC1 | E10: ='Point List'!J7 -> 012293 | K10: =_xlfn.CONCAT(A10,",",B10,",",C10,",",D10,",",E10,",",F10,",",G10) -> Enable_Manual_Valve_Control,,BitAddress,PLC1,012293,,
A11: ='Point List'!C8 -> Enable_Manual_Fan_Control | C11: ='Point List'!L8 -> BitAddress | D11: PLC1 | E11: ='Point List'!J8 -> 012294 | K11: =_xlfn.CONCAT(A11,",",B11,",",C11,",",D11,",",E11,",",F11,",",G11) -> Enable_Manual_Fan_Control,,BitAddress,PLC1,012294,,
A12: ='Point List'!C9 -> AVAILABLE | C12: ='Point List'!L9 -> BitAddress | D12: PLC1 | E12: ='Point List'!J9 -> 012295 | K12: =_xlfn.CONCAT(A12,",",B12,",",C12,",",D12,",",E12,",",F12,",",G12) -> AVAILABLE,,BitAddress,PLC1,012295,,
A13: ='Point List'!C10 -> Force_Fan_1_On_Off | C13: ='Point List'!L10 -> BitAddress | D13: PLC1 | E13: ='Point List'!J10 -> 012296 | K13: =_xlfn.CONCAT(A13,",",B13,",",C13,",",D13,",",E13,",",F13,",",G13) -> Force_Fan_1_On_Off,,BitAddress,PLC1,012296,,
A14: ='Point List'!C11 -> Force_Fan_2_On_Off | C14: ='Point List'!L11 -> BitAddress | D14: PLC1 | E14: ='Point List'!J11 -> 012297 | K14: =_xlfn.CONCAT(A14,",",B14,",",C14,",",D14,",",E14,",",F14,",",G14) -> Force_Fan_2_On_Off,,BitAddress,PLC1,012297,,
A15: ='Point List'!C12 -> Primary_Hydraulic_Fault_ACK | C15: ='Point List'!L12 -> BitAddress | D15: PLC1 | E15: ='Point List'!J12 -> 012298 | K15: =_xlfn.CONCAT(A15,",",B15,",",C15,",",D15,",",E15,",",F15,",",G15) -> Primary_Hydraulic_Fault_ACK,,BitAddress,PLC1,012298,,
A16: ='Point List'!C13 -> Secondary_Hydraulic_Fault_ACK | C16: ='Point List'!L13 -> BitAddress | D16: PLC1 | E16: ='Point List'!J13 -> 012299 | K16: =_xlfn.CONCAT(A16,",",B16,",",C16,",",D16,",",E16,",",F16,",",G16) -> Secondary_Hydraulic_Fault_ACK,,BitAddress,PLC1,012299,,
A17: ='Point List'!C14 -> Enable_Pump_Cycling | C17: ='Point List'!L14 -> BitAddress | D17: PLC1 | E17: ='Point List'!J14 -> 012300 | K17: =_xlfn.CONCAT(A17,",",B17,",",C17,",",D17,",",E17,",",F17,",",G17) -> Enable_Pump_Cycling,,BitAddress,PLC1,012300,,
... A107: ='Point List'!C104 -> System_Diagnostics | C107: ='Point List'!L104 -> BitAddress | D107: PLC1 | E107: ='Point List'!J104 -> 012352 | K107: =_xlfn.CONCAT(A107,",",B107,",",C107,",",D107,",",E107,",",F107,",",G107) -> System_Diagnostics,,BitAddress,PLC1,012352,,
A108: ='Point List'!C105 -> Status_Indicator_Text | C108: ='Point List'!L105 -> WordAddress | D108: PLC1 | E108: ='Point List'!J105 -> 412683
A109: ='Point List'!C106 -> 0 | C109: ='Point List'!L106 -> 0 | D109: PLC1 | E109: ='Point List'!J106 -> 0
A110: ='Point List'!C107 -> 0 | C110: ='Point List'!L107 -> 0 | D110: PLC1 | E110: ='Point List'!J107 -> 0
A111: ='Point List'!C108 -> 0 | C111: ='Point List'!L108 -> 0 | D111: PLC1 | E111: ='Point List'!J108 -> 0
A112: ='Point List'!C109 -> 0 | C112: ='Point List'!L109 -> 0 | D112: PLC1 | E112: ='Point List'!J109 -> 0
A113: ='Point List'!C110 -> 0 | C113: ='Point List'!L110 -> 0 | D113: PLC1 | E113: ='Point List'!J110 -> 0
A114: ='Point List'!C111 -> 0 | C114: ='Point List'!L111 -> 0 | D114: PLC1 | E114: ='Point List'!J111 -> 0
A115: ='Point List'!C112 -> 0 | C115: ='Point List'!L112 -> 0 | D115: PLC1 | E115: ='Point List'!J112 -> 0
A116: ='Point List'!C113 -> 0 | C116: ='Point List'!L113 -> 0 | D116: PLC1 | E116: ='Point List'!J113 -> 0
A117: ='Point List'!C114 -> 0 | C117: ='Point List'!L114 -> 0 | D117: PLC1 | E117: ='Point List'!J114 -> 0
A118: ='Point List'!C115 -> 0 | C118: ='Point List'!L115 -> 0 | D118: PLC1 | E118: ='Point List'!J115 -> 0
A119: ='Point List'!C116 -> 0 | C119: ='Point List'!L116 -> 0 | D119: PLC1 | E119: ='Point List'!J116 -> 0
... A194: ='Point List'!C191 -> 0 | C194: ='Point List'!L191 -> 0 | D194: PLC1 | E194: ='Point List'!J191 -> 0

Sheet Mapping Sheet
A1: 1 | B1: 12288 | C1: =B1+1 -> 12289 | D1: =_xlfn.CONCAT("0x",DEC2HEX(B1)) -> 0x3000 | E1: 0 | F1: 0 | G1: 0
A2: 2 | B2: =B1+1 -> 12289 | C2: =B2+1 -> 12290 | D2: =_xlfn.CONCAT("0x",DEC2HEX(B2)) -> 0x3001 | E2: 0 | F2: 1
A3: =A2+1 -> 3 | B3: =B2+1 -> 12290 | C3: =B3+1 -> 12291 | D3: =_xlfn.CONCAT("0x",DEC2HEX(B3)) -> 0x3002 | E3: 0 | F3: 2 | G3: =G1+1 -> 1
A4: =A3+1 -> 4 | B4: =B3+1 -> 12291 | C4: =B4+1 -> 12292 | D4: =_xlfn.CONCAT("0x",DEC2HEX(B4)) -> 0x3003 | E4: 0 | F4: 3
A5: =A4+1 -> 5 | B5: =B4+1 -> 12292 | C5: =B5+1 -> 12293 | D5: =_xlfn.CONCAT("0x",DEC2HEX(B5)) -> 0x3004 | E5: 0 | F5: 4 | G5: =G3+1 -> 2
A6: =A5+1 -> 6 | B6: =B5+1 -> 12293 | C6: =B6+1 -> 12294 | D6: =_xlfn.CONCAT("0x",DEC2HEX(B6)) -> 0x3005 | E6: 0 | F6: 5
A7: =A6+1 -> 7 | B7: =B6+1 -> 12294 | C7: =B7+1 -> 12295 | D7: =_xlfn.CONCAT("0x",DEC2HEX(B7)) -> 0x3006 | E7: 0 | F7: 6 | G7: =G5+1 -> 3
A8: =A7+1 -> 8 | B8: =B7+1 -> 12295 | C8: =B8+1 -> 12296 | D8: =_xlfn.CONCAT("0x",DEC2HEX(B8)) -> 0x3007 | E8: 0 | F8: 7
A9: =A8+1 -> 9 | B9: =B8+1 -> 12296 | C9: =B9+1 -> 12297 | D9: =_xlfn.CONCAT("0x",DEC2HEX(B9)) -> 0x3008 | E9: 0 | F9: =F8+1 -> 8 | G9: =G7+1 -> 4
A10: =A9+1 -> 10 | B10: =B9+1 -> 12297 | C10: =B10+1 -> 12298 | D10: =_xlfn.CONCAT("0x",DEC2HEX(B10)) -> 0x3009 | E10: 0 | F10: =F9+1 -> 9
A11: =A10+1 -> 11 | B11: =B10+1 -> 12298 | C11: =B11+1 -> 12299 | D11: =_xlfn.CONCAT("0x",DEC2HEX(B11)) -> 0x300A | E11: 0 | F11: =F10+1 -> 10 | G11: =G9+1 -> 5
A12: =A11+1 -> 12 | B12: =B11+1 -> 12299 | C12: =B12+1 -> 12300 | D12: =_xlfn.CONCAT("0x",DEC2HEX(B12)) -> 0x300B | E12: 0 | F12: =F11+1 -> 11
A13: =A12+1 -> 13 | B13: =B12+1 -> 12300 | C13: =B13+1 -> 12301 | D13: =_xlfn.CONCAT("0x",DEC2HEX(B13)) -> 0x300C | E13: 0 | F13: =F12+1 -> 12 | G13: =G11+1 -> 6
A14: =A13+1 -> 14 | B14: =B13+1 -> 12301 | C14: =B14+1 -> 12302 | D14: =_xlfn.CONCAT("0x",DEC2HEX(B14)) -> 0x300D | E14: 0 | F14: =F13+1 -> 13
A15: =A14+1 -> 15 | B15: =B14+1 -> 12302 | C15: =B15+1 -> 12303 | D15: =_xlfn.CONCAT("0x",DEC2HEX(B15)) -> 0x300E | E15: 0 | F15: =F14+1 -> 14 | G15: =G13+1 -> 7
A16: =A15+1 -> 16 | B16: =B15+1 -> 12303 | C16: =B16+1 -> 12304 | D16: =_xlfn.CONCAT("0x",DEC2HEX(B16)) -> 0x300F | E16: 0 | F16: =F15+1 -> 15
A17: =A16+1 -> 17 | B17: =B16+1 -> 12304 | C17: =B17+1 -> 12305 | D17: =_xlfn.CONCAT("0x",DEC2HEX(B17)) -> 0x3010 | E17: =E1+1 -> 1 | F17: 0 | G17: =G15+1 -> 8
A18: =A17+1 -> 18 | B18: =B17+1 -> 12305 | C18: =B18+1 -> 12306 | D18: =_xlfn.CONCAT("0x",DEC2HEX(B18)) -> 0x3011 | E18: =E2+1 -> 1 | F18: 1
A19: =A18+1 -> 19 | B19: =B18+1 -> 12306 | C19: =B19+1 -> 12307 | D19: =_xlfn.CONCAT("0x",DEC2HEX(B19)) -> 0x3012 | E19: =E3+1 -> 1 | F19: 2 | G19: =G17+1 -> 9
A20: =A19+1 -> 20 | B20: =B19+1 -> 12307 | C20: =B20+1 -> 12308 | D20: =_xlfn.CONCAT("0x",DEC2HEX(B20)) -> 0x3013 | E20: =E4+1 -> 1 | F20: 3
A21: =A20+1 -> 21 | B21: =B20+1 -> 12308 | C21: =B21+1 -> 12309 | D21: =_xlfn.CONCAT("0x",DEC2HEX(B21)) -> 0x3014 | E21: =E5+1 -> 1 | F21: 4 | G21: =G19+1 -> 10
A22: =A21+1 -> 22 | B22: =B21+1 -> 12309 | C22: =B22+1 -> 12310 | D22: =_xlfn.CONCAT("0x",DEC2HEX(B22)) -> 0x3015 | E22: =E6+1 -> 1 | F22: 5
A23: =A22+1 -> 23 | B23: =B22+1 -> 12310 | C23: =B23+1 -> 12311 | D23: =_xlfn.CONCAT("0x",DEC2HEX(B23)) -> 0x3016 | E23: =E7+1 -> 1 | F23: 6 | G23: =G21+1 -> 11
A24: =A23+1 -> 24 | B24: =B23+1 -> 12311 | C24: =B24+1 -> 12312 | D24: =_xlfn.CONCAT("0x",DEC2HEX(B24)) -> 0x3017 | E24: =E8+1 -> 1 | F24: 7
A25: =A24+1 -> 25 | B25: =B24+1 -> 12312 | C25: =B25+1 -> 12313 | D25: =_xlfn.CONCAT("0x",DEC2HEX(B25)) -> 0x3018 | E25: =E9+1 -> 1 | F25: =F24+1 -> 8 | G25: =G23+1 -> 12
A26: =A25+1 -> 26 | B26: =B25+1 -> 12313 | C26: =B26+1 -> 12314 | D26: =_xlfn.CONCAT("0x",DEC2HEX(B26)) -> 0x3019 | E26: =E10+1 -> 1 | F26: =F25+1 -> 9
A27: =A26+1 -> 27 | B27: =B26+1 -> 12314 | C27: =B27+1 -> 12315 | D27: =_xlfn.CONCAT("0x",DEC2HEX(B27)) -> 0x301A | E27: =E11+1 -> 1 | F27: =F26+1 -> 10 | G27: =G25+1 -> 13
A28: =A27+1 -> 28 | B28: =B27+1 -> 12315 | C28: =B28+1 -> 12316 | D28: =_xlfn.CONCAT("0x",DEC2HEX(B28)) -> 0x301B | E28: =E12+1 -> 1 | F28: =F27+1 -> 11
A29: =A28+1 -> 29 | B29: =B28+1 -> 12316 | C29: =B29+1 -> 12317 | D29: =_xlfn.CONCAT("0x",DEC2HEX(B29)) -> 0x301C | E29: =E13+1 -> 1 | F29: =F28+1 -> 12 | G29: =G27+1 -> 14
A30: =A29+1 -> 30 | B30: =B29+1 -> 12317 | C30: =B30+1 -> 12318 | D30: =_xlfn.CONCAT("0x",DEC2HEX(B30)) -> 0x301D | E30: =E14+1 -> 1 | F30: =F29+1 -> 13
A31: =A30+1 -> 31 | B31: =B30+1 -> 12318 | C31: =B31+1 -> 12319 | D31: =_xlfn.CONCAT("0x",DEC2HEX(B31)) -> 0x301E | E31: =E15+1 -> 1 | F31: =F30+1 -> 14 | G31: =G29+1 -> 15
A32: =A31+1 -> 32 | B32: =B31+1 -> 12319 | C32: =B32+1 -> 12320 | D32: =_xlfn.CONCAT("0x",DEC2HEX(B32)) -> 0x301F | E32: =E16+1 -> 1 | F32: =F31+1 -> 15
A33: =A32+1 -> 33 | B33: =B32+1 -> 12320 | C33: =B33+1 -> 12321 | D33: =_xlfn.CONCAT("0x",DEC2HEX(B33)) -> 0x3020 | E33: =E17+1 -> 2 | F33: 0 | G33: =G31+1 -> 16
A34: =A33+1 -> 34 | B34: =B33+1 -> 12321 | C34: =B34+1 -> 12322 | D34: =_xlfn.CONCAT("0x",DEC2HEX(B34)) -> 0x3021 | E34: =E18+1 -> 2 | F34: 1
A35: =A34+1 -> 35 | B35: =B34+1 -> 12322 | C35: =B35+1 -> 12323 | D35: =_xlfn.CONCAT("0x",DEC2HEX(B35)) -> 0x3022 | E35: =E19+1 -> 2 | F35: 2 | G35: =G33+1 -> 17
A36: =A35+1 -> 36 | B36: =B35+1 -> 12323 | C36: =B36+1 -> 12324 | D36: =_xlfn.CONCAT("0x",DEC2HEX(B36)) -> 0x3023 | E36: =E20+1 -> 2 | F36: 3
A37: =A36+1 -> 37 | B37: =B36+1 -> 12324 | C37: =B37+1 -> 12325 | D37: =_xlfn.CONCAT("0x",DEC2HEX(B37)) -> 0x3024 | E37: =E21+1 -> 2 | F37: 4 | G37: =G35+1 -> 18
A38: =A37+1 -> 38 | B38: =B37+1 -> 12325 | C38: =B38+1 -> 12326 | D38: =_xlfn.CONCAT("0x",DEC2HEX(B38)) -> 0x3025 | E38: =E22+1 -> 2 | F38: 5
A39: =A38+1 -> 39 | B39: =B38+1 -> 12326 | C39: =B39+1 -> 12327 | D39: =_xlfn.CONCAT("0x",DEC2HEX(B39)) -> 0x3026 | E39: =E23+1 -> 2 | F39: 6 | G39: =G37+1 -> 19
A40: =A39+1 -> 40 | B40: =B39+1 -> 12327 | C40: =B40+1 -> 12328 | D40: =_xlfn.CONCAT("0x",DEC2HEX(B40)) -> 0x3027 | E40: =E24+1 -> 2 | F40: 7
A41: =A40+1 -> 41 | B41: =B40+1 -> 12328 | C41: =B41+1 -> 12329 | D41: =_xlfn.CONCAT("0x",DEC2HEX(B41)) -> 0x3028 | E41: =E25+1 -> 2 | F41: =F40+1 -> 8 | G41: =G39+1 -> 20
A42: =A41+1 -> 42 | B42: =B41+1 -> 12329 | C42: =B42+1 -> 12330 | D42: =_xlfn.CONCAT("0x",DEC2HEX(B42)) -> 0x3029 | E42: =E26+1 -> 2 | F42: =F41+1 -> 9
A43: =A42+1 -> 43 | B43: =B42+1 -> 12330 | C43: =B43+1 -> 12331 | D43: =_xlfn.CONCAT("0x",DEC2HEX(B43)) -> 0x302A | E43: =E27+1 -> 2 | F43: =F42+1 -> 10 | G43: =G41+1 -> 21
A44: =A43+1 -> 44 | B44: =B43+1 -> 12331 | C44: =B44+1 -> 12332 | D44: =_xlfn.CONCAT("0x",DEC2HEX(B44)) -> 0x302B | E44: =E28+1 -> 2 | F44: =F43+1 -> 11
A45: =A44+1 -> 45 | B45: =B44+1 -> 12332 | C45: =B45+1 -> 12333 | D45: =_xlfn.CONCAT("0x",DEC2HEX(B45)) -> 0x302C | E45: =E29+1 -> 2 | F45: =F44+1 -> 12 | G45: =G43+1 -> 22
A46: =A45+1 -> 46 | B46: =B45+1 -> 12333 | C46: =B46+1 -> 12334 | D46: =_xlfn.CONCAT("0x",DEC2HEX(B46)) -> 0x302D | E46: =E30+1 -> 2 | F46: =F45+1 -> 13
A47: =A46+1 -> 47 | B47: =B46+1 -> 12334 | C47: =B47+1 -> 12335 | D47: =_xlfn.CONCAT("0x",DEC2HEX(B47)) -> 0x302E | E47: =E31+1 -> 2 | F47: =F46+1 -> 14 | G47: =G45+1 -> 23
A48: =A47+1 -> 48 | B48: =B47+1 -> 12335 | C48: =B48+1 -> 12336 | D48: =_xlfn.CONCAT("0x",DEC2HEX(B48)) -> 0x302F | E48: =E32+1 -> 2 | F48: =F47+1 -> 15
A49: =A48+1 -> 49 | B49: =B48+1 -> 12336 | C49: =B49+1 -> 12337 | D49: =_xlfn.CONCAT("0x",DEC2HEX(B49)) -> 0x3030 | E49: =E33+1 -> 3 | F49: 0 | G49: =G47+1 -> 24
A50: =A49+1 -> 50 | B50: =B49+1 -> 12337 | C50: =B50+1 -> 12338 | D50: =_xlfn.CONCAT("0x",DEC2HEX(B50)) -> 0x3031 | E50: =E34+1 -> 3 | F50: 1
A51: =A50+1 -> 51 | B51: =B50+1 -> 12338 | C51: =B51+1 -> 12339 | D51: =_xlfn.CONCAT("0x",DEC2HEX(B51)) -> 0x3032 | E51: =E35+1 -> 3 | F51: 2 | G51: =G49+1 -> 25
A52: =A51+1 -> 52 | B52: =B51+1 -> 12339 | C52: =B52+1 -> 12340 | D52: =_xlfn.CONCAT("0x",DEC2HEX(B52)) -> 0x3033 | E52: =E36+1 -> 3 | F52: 3
A53: =A52+1 -> 53 | B53: =B52+1 -> 12340 | C53: =B53+1 -> 12341 | D53: =_xlfn.CONCAT("0x",DEC2HEX(B53)) -> 0x3034 | E53: =E37+1 -> 3 | F53: 4 | G53: =G51+1 -> 26
A54: =A53+1 -> 54 | B54: =B53+1 -> 12341 | C54: =B54+1 -> 12342 | D54: =_xlfn.CONCAT("0x",DEC2HEX(B54)) -> 0x3035 | E54: =E38+1 -> 3 | F54: 5
A55: =A54+1 -> 55 | B55: =B54+1 -> 12342 | C55: =B55+1 -> 12343 | D55: =_xlfn.CONCAT("0x",DEC2HEX(B55)) -> 0x3036 | E55: =E39+1 -> 3 | F55: 6 | G55: =G53+1 -> 27
A56: =A55+1 -> 56 | B56: =B55+1 -> 12343 | C56: =B56+1 -> 12344 | D56: =_xlfn.CONCAT("0x",DEC2HEX(B56)) -> 0x3037 | E56: =E40+1 -> 3 | F56: 7
A57: =A56+1 -> 57 | B57: =B56+1 -> 12344 | C57: =B57+1 -> 12345 | D57: =_xlfn.CONCAT("0x",DEC2HEX(B57)) -> 0x3038 | E57: =E41+1 -> 3 | F57: =F56+1 -> 8 | G57: =G55+1 -> 28
A58: =A57+1 -> 58 | B58: =B57+1 -> 12345 | C58: =B58+1 -> 12346 | D58: =_xlfn.CONCAT("0x",DEC2HEX(B58)) -> 0x3039 | E58: =E42+1 -> 3 | F58: =F57+1 -> 9
A59: =A58+1 -> 59 | B59: =B58+1 -> 12346 | C59: =B59+1 -> 12347 | D59: =_xlfn.CONCAT("0x",DEC2HEX(B59)) -> 0x303A | E59: =E43+1 -> 3 | F59: =F58+1 -> 10 | G59: =G57+1 -> 29
A60: =A59+1 -> 60 | B60: =B59+1 -> 12347 | C60: =B60+1 -> 12348 | D60: =_xlfn.CONCAT("0x",DEC2HEX(B60)) -> 0x303B | E60: =E44+1 -> 3 | F60: =F59+1 -> 11
A61: =A60+1 -> 61 | B61: =B60+1 -> 12348 | C61: =B61+1 -> 12349 | D61: =_xlfn.CONCAT("0x",DEC2HEX(B61)) -> 0x303C | E61: =E45+1 -> 3 | F61: =F60+1 -> 12 | G61: =G59+1 -> 30
A62: =A61+1 -> 62 | B62: =B61+1 -> 12349 | C62: =B62+1 -> 12350 | D62: =_xlfn.CONCAT("0x",DEC2HEX(B62)) -> 0x303D | E62: =E46+1 -> 3 | F62: =F61+1 -> 13
A63: =A62+1 -> 63 | B63: =B62+1 -> 12350 | C63: =B63+1 -> 12351 | D63: =_xlfn.CONCAT("0x",DEC2HEX(B63)) -> 0x303E | E63: =E47+1 -> 3 | F63: =F62+1 -> 14 | G63: =G61+1 -> 31
A64: =A63+1 -> 64 | B64: =B63+1 -> 12351 | C64: =B64+1 -> 12352 | D64: =_xlfn.CONCAT("0x",DEC2HEX(B64)) -> 0x303F | E64: =E48+1 -> 3 | F64: =F63+1 -> 15
A65: =A64+1 -> 65 | B65: =B64+1 -> 12352 | C65: =B65+1 -> 12353 | D65: =_xlfn.CONCAT("0x",DEC2HEX(B65)) -> 0x3040 | E65: =E49+1 -> 4 | F65: 0 | G65: =G63+1 -> 32
A66: =A65+1 -> 66 | B66: =B65+1 -> 12353 | C66: =B66+1 -> 12354 | D66: =_xlfn.CONCAT("0x",DEC2HEX(B66)) -> 0x3041 | E66: =E50+1 -> 4 | F66: 1
A67: =A66+1 -> 67 | B67: =B66+1 -> 12354 | C67: =B67+1 -> 12355 | D67: =_xlfn.CONCAT("0x",DEC2HEX(B67)) -> 0x3042 | E67: =E51+1 -> 4 | F67: 2 | G67: =G65+1 -> 33
A68: =A67+1 -> 68 | B68: =B67+1 -> 12355 | C68: =B68+1 -> 12356 | D68: =_xlfn.CONCAT("0x",DEC2HEX(B68)) -> 0x3043 | E68: =E52+1 -> 4 | F68: 3
A69: =A68+1 -> 69 | B69: =B68+1 -> 12356 | C69: =B69+1 -> 12357 | D69: =_xlfn.CONCAT("0x",DEC2HEX(B69)) -> 0x3044 | E69: =E53+1 -> 4 | F69: 4 | G69: =G67+1 -> 34
A70: =A69+1 -> 70 | B70: =B69+1 -> 12357 | C70: =B70+1 -> 12358 | D70: =_xlfn.CONCAT("0x",DEC2HEX(B70)) -> 0x3045 | E70: =E54+1 -> 4 | F70: 5
A71: =A70+1 -> 71 | B71: =B70+1 -> 12358 | C71: =B71+1 -> 12359 | D71: =_xlfn.CONCAT("0x",DEC2HEX(B71)) -> 0x3046 | E71: =E55+1 -> 4 | F71: 6 | G71: =G69+1 -> 35
A72: =A71+1 -> 72 | B72: =B71+1 -> 12359 | C72: =B72+1 -> 12360 | D72: =_xlfn.CONCAT("0x",DEC2HEX(B72)) -> 0x3047 | E72: =E56+1 -> 4 | F72: 7
A73: =A72+1 -> 73 | B73: =B72+1 -> 12360 | C73: =B73+1 -> 12361 | D73: =_xlfn.CONCAT("0x",DEC2HEX(B73)) -> 0x3048 | E73: =E57+1 -> 4 | F73: =F72+1 -> 8 | G73: =G71+1 -> 36
A74: =A73+1 -> 74 | B74: =B73+1 -> 12361 | C74: =B74+1 -> 12362 | D74: =_xlfn.CONCAT("0x",DEC2HEX(B74)) -> 0x3049 | E74: =E58+1 -> 4 | F74: =F73+1 -> 9
A75: =A74+1 -> 75 | B75: =B74+1 -> 12362 | C75: =B75+1 -> 12363 | D75: =_xlfn.CONCAT("0x",DEC2HEX(B75)) -> 0x304A | E75: =E59+1 -> 4 | F75: =F74+1 -> 10 | G75: =G73+1 -> 37
A76: =A75+1 -> 76 | B76: =B75+1 -> 12363 | C76: =B76+1 -> 12364 | D76: =_xlfn.CONCAT("0x",DEC2HEX(B76)) -> 0x304B | E76: =E60+1 -> 4 | F76: =F75+1 -> 11
A77: =A76+1 -> 77 | B77: =B76+1 -> 12364 | C77: =B77+1 -> 12365 | D77: =_xlfn.CONCAT("0x",DEC2HEX(B77)) -> 0x304C | E77: =E61+1 -> 4 | F77: =F76+1 -> 12 | G77: =G75+1 -> 38
A78: =A77+1 -> 78 | B78: =B77+1 -> 12365 | C78: =B78+1 -> 12366 | D78: =_xlfn.CONCAT("0x",DEC2HEX(B78)) -> 0x304D | E78: =E62+1 -> 4 | F78: =F77+1 -> 13 | G78: =-10000000000 -> -10000000000
A79: =A78+1 -> 79 | B79: =B78+1 -> 12366 | C79: =B79+1 -> 12367 | D79: =_xlfn.CONCAT("0x",DEC2HEX(B79)) -> 0x304E | E79: =E63+1 -> 4 | F79: =F78+1 -> 14 | G79: =G77+1 -> 39
A80: =A79+1 -> 80 | B80: =B79+1 -> 12367 | C80: =B80+1 -> 12368 | D80: =_xlfn.CONCAT("0x",DEC2HEX(B80)) -> 0x304F | E80: =E64+1 -> 4 | F80: =F79+1 -> 15 | G80: =G78+1 -> -9999999999
A81: =A80+1 -> 81 | B81: =B80+1 -> 12368 | C81: =B81+1 -> 12369 | D81: =_xlfn.CONCAT("0x",DEC2HEX(B81)) -> 0x3050 | E81: =E65+1 -> 5 | F81: 0 | G81: =G79+1 -> 40
A82: =A81+1 -> 82 | B82: =B81+1 -> 12369 | C82: =B82+1 -> 12370 | D82: =_xlfn.CONCAT("0x",DEC2HEX(B82)) -> 0x3051 | E82: =E66+1 -> 5 | F82: 1 | G82: =G80+1 -> -9999999998
A83: =A82+1 -> 83 | B83: =B82+1 -> 12370 | C83: =B83+1 -> 12371 | D83: =_xlfn.CONCAT("0x",DEC2HEX(B83)) -> 0x3052 | E83: =E67+1 -> 5 | F83: 2 | G83: =G81+1 -> 41
A84: =A83+1 -> 84 | B84: =B83+1 -> 12371 | C84: =B84+1 -> 12372 | D84: =_xlfn.CONCAT("0x",DEC2HEX(B84)) -> 0x3053 | E84: =E68+1 -> 5 | F84: 3 | G84: =G82+1 -> -9999999997
A85: =A84+1 -> 85 | B85: =B84+1 -> 12372 | C85: =B85+1 -> 12373 | D85: =_xlfn.CONCAT("0x",DEC2HEX(B85)) -> 0x3054 | E85: =E69+1 -> 5 | F85: 4 | G85: =G83+1 -> 42
A86: =A85+1 -> 86 | B86: =B85+1 -> 12373 | C86: =B86+1 -> 12374 | D86: =_xlfn.CONCAT("0x",DEC2HEX(B86)) -> 0x3055 | E86: =E70+1 -> 5 | F86: 5 | G86: =G84+1 -> -9999999996
A87: =A86+1 -> 87 | B87: =B86+1 -> 12374 | C87: =B87+1 -> 12375 | D87: =_xlfn.CONCAT("0x",DEC2HEX(B87)) -> 0x3056 | E87: =E71+1 -> 5 | F87: 6 | G87: =G85+1 -> 43
A88: =A87+1 -> 88 | B88: =B87+1 -> 12375 | C88: =B88+1 -> 12376 | D88: =_xlfn.CONCAT("0x",DEC2HEX(B88)) -> 0x3057 | E88: =E72+1 -> 5 | F88: 7 | G88: =G86+1 -> -9999999995
A89: =A88+1 -> 89 | B89: =B88+1 -> 12376 | C89: =B89+1 -> 12377 | D89: =_xlfn.CONCAT("0x",DEC2HEX(B89)) -> 0x3058 | E89: =E73+1 -> 5 | F89: =F88+1 -> 8 | G89: =G87+1 -> 44
A90: =A89+1 -> 90 | B90: =B89+1 -> 12377 | C90: =B90+1 -> 12378 | D90: =_xlfn.CONCAT("0x",DEC2HEX(B90)) -> 0x3059 | E90: =E74+1 -> 5 | F90: =F89+1 -> 9 | G90: =G88+1 -> -9999999994
A91: =A90+1 -> 91 | B91: =B90+1 -> 12378 | C91: =B91+1 -> 12379 | D91: =_xlfn.CONCAT("0x",DEC2HEX(B91)) -> 0x305A | E91: =E75+1 -> 5 | F91: =F90+1 -> 10 | G91: =G89+1 -> 45
A92: =A91+1 -> 92 | B92: =B91+1 -> 12379 | C92: =B92+1 -> 12380 | D92: =_xlfn.CONCAT("0x",DEC2HEX(B92)) -> 0x305B | E92: =E76+1 -> 5 | F92: =F91+1 -> 11 | G92: =G90+1 -> -9999999993
A93: =A92+1 -> 93 | B93: =B92+1 -> 12380 | C93: =B93+1 -> 12381 | D93: =_xlfn.CONCAT("0x",DEC2HEX(B93)) -> 0x305C | E93: =E77+1 -> 5 | F93: =F92+1 -> 12 | G93: =G91+1 -> 46
A94: =A93+1 -> 94 | B94: =B93+1 -> 12381 | C94: =B94+1 -> 12382 | D94: =_xlfn.CONCAT("0x",DEC2HEX(B94)) -> 0x305D | E94: =E78+1 -> 5 | F94: =F93+1 -> 13 | G94: =G92+1 -> -9999999992
A95: =A94+1 -> 95 | B95: =B94+1 -> 12382 | C95: =B95+1 -> 12383 | D95: =_xlfn.CONCAT("0x",DEC2HEX(B95)) -> 0x305E | E95: =E79+1 -> 5 | F95: =F94+1 -> 14 | G95: =G93+1 -> 47
A96: =A95+1 -> 96 | B96: =B95+1 -> 12383 | C96: =B96+1 -> 12384 | D96: =_xlfn.CONCAT("0x",DEC2HEX(B96)) -> 0x305F | E96: =E80+1 -> 5 | F96: =F95+1 -> 15 | G96: =G94+1 -> -9999999991
A97: =A96+1 -> 97 | B97: =B96+1 -> 12384 | C97: =B97+1 -> 12385 | D97: =_xlfn.CONCAT("0x",DEC2HEX(B97)) -> 0x3060 | E97: =E81+1 -> 6 | F97: 0 | G97: =G95+1 -> 48
A98: =A97+1 -> 98 | B98: =B97+1 -> 12385 | C98: =B98+1 -> 12386 | D98: =_xlfn.CONCAT("0x",DEC2HEX(B98)) -> 0x3061 | E98: =E82+1 -> 6 | F98: 1 | G98: =G96+1 -> -9999999990
A99: =A98+1 -> 99 | B99: =B98+1 -> 12386 | C99: =B99+1 -> 12387 | D99: =_xlfn.CONCAT("0x",DEC2HEX(B99)) -> 0x3062 | E99: =E83+1 -> 6 | F99: 2 | G99: =G97+1 -> 49
A100: =A99+1 -> 100 | B100: =B99+1 -> 12387 | C100: =B100+1 -> 12388 | D100: =_xlfn.CONCAT("0x",DEC2HEX(B100)) -> 0x3063 | E100: =E84+1 -> 6 | F100: 3 | G100: =G98+1 -> -9999999989
...

Sheet SymbolTableCSV
A1: GP-Pro EX | K1: ="""" & A1 & """" -> "GP-Pro EX" | O1: "GP-Pro EX"
A2: File Type | B2: SymbolVariable | K2: =_xlfn.CONCAT(""""&A2&"""",",",""""&B2&"""") -> "File Type","SymbolVariable" | O2: "File Type","SymbolVariable"
A3: File Version | B3: 3 | C3: 0 | K3: =_xlfn.CONCAT(""""&A3&"""",",",""""&B3&"""",",",""""&C3&"""") -> "File Version","3","0" | O3: "File Version","3","0"
A5: Name | B5: Index | C5: Type | D5: Internal/External | E5: Address | F5: Keep | G5: Comment | K5: =_xlfn.CONCAT(""""&A5&"""",",",""""&B5&"""",",",""""&C5&"""",",",""""&D5&"""",",",""""&E5&"""",",",""""&F5&"""",",",""""&G5&"""") -> "Name","Index","Type","Internal/External","Address","Keep","Comment" | O5: "Name","Index","Type","External/Internal","Address","Keep","Comment"
A6: ='Point List'!C3 -> System_Start | C6: ='Point List'!L3 -> BitAddress | D6: PLC1 | E6: ='Point List'!J3 -> 012289 | K6: =_xlfn.CONCAT(A6,",",B6,",",C6,",",D6,",",E6,",",F6,",",G6) -> System_Start,,BitAddress,PLC1,012289,, | O6: System Start,,BitAddress,PLC1,012289,,
A7: ='Point List'!C4 -> System_Shutdown | C7: ='Point List'!L4 -> BitAddress | D7: PLC1 | E7: ='Point List'!J4 -> 012290 | K7: =_xlfn.CONCAT(A7,",",B7,",",C7,",",D7,",",E7,",",F7,",",G7) -> System_Shutdown,,BitAddress,PLC1,012290,, | O7: System Shutdown,,BitAddress,PLC1,012290,,
A8: ='Point List'!C5 -> Simplex_Mode | C8: ='Point List'!L5 -> BitAddress | D8: PLC1 | E8: ='Point List'!J5 -> 012291 | K8: =_xlfn.CONCAT(A8,",",B8,",",C8,",",D8,",",E8,",",F8,",",G8) -> Simplex_Mode,,BitAddress,PLC1,012291,, | O8: Simplex Mode,,BitAddress,PLC1,012291,,
A9: ='Point List'!C6 -> Manual_Turnover | C9: ='Point List'!L6 -> BitAddress | D9: PLC1 | E9: ='Point List'!J6 -> 012292 | K9: =_xlfn.CONCAT(A9,",",B9,",",C9,",",D9,",",E9,",",F9,",",G9) -> Manual_Turnover,,BitAddress,PLC1,012292,, | O9: Manual Turnover,,BitAddress,PLC1,012292,,
A10: ='Point List'!C7 -> Enable_Manual_Valve_Control | C10: ='Point List'!L7 -> BitAddress | D10: PLC1 | E10: ='Point List'!J7 -> 012293 | K10: =_xlfn.CONCAT(A10,",",B10,",",C10,",",D10,",",E10,",",F10,",",G10) -> Enable_Manual_Valve_Control,,BitAddress,PLC1,012293,, | O10: Enable Manual Valve Control,,BitAddress,PLC1,012293,,
A11: ='Point List'!C8 -> Enable_Manual_Fan_Control | C11: ='Point List'!L8 -> BitAddress | D11: PLC1 | E11: ='Point List'!J8 -> 012294 | K11: =_xlfn.CONCAT(A11,",",B11,",",C11,",",D11,",",E11,",",F11,",",G11) -> Enable_Manual_Fan_Control,,BitAddress,PLC1,012294,, | O11: Enable Manual Fan Control,,BitAddress,PLC1,012294,,
A12: ='Point List'!C9 -> AVAILABLE | C12: ='Point List'!L9 -> BitAddress | D12: PLC1 | E12: ='Point List'!J9 -> 012295 | K12: =_xlfn.CONCAT(A12,",",B12,",",C12,",",D12,",",E12,",",F12,",",G12) -> AVAILABLE,,BitAddress,PLC1,012295,, | O12: AVAILABLE,,BitAddress,PLC1,012295,,
A13: ='Point List'!C10 -> Force_Fan_1_On_Off | C13: ='Point List'!L10 -> BitAddress | D13: PLC1 | E13: ='Point List'!J10 -> 012296 | K13: =_xlfn.CONCAT(A13,",",B13,",",C13,",",D13,",",E13,",",F13,",",G13) -> Force_Fan_1_On_Off,,BitAddress,PLC1,012296,, | O13: Force Fan 1 On/Off,,BitAddress,PLC1,012296,,
A14: ='Point List'!C11 -> Force_Fan_2_On_Off | C14: ='Point List'!L11 -> BitAddress | D14: PLC1 | E14: ='Point List'!J11 -> 012297 | K14: =_xlfn.CONCAT(A14,",",B14,",",C14,",",D14,",",E14,",",F14,",",G14) -> Force_Fan_2_On_Off,,BitAddress,PLC1,012297,, | O14: Force Fan 2 On/Off,,BitAddress,PLC1,012297,,
A15: ='Point List'!C12 -> Primary_Hydraulic_Fault_ACK | C15: ='Point List'!L12 -> BitAddress | D15: PLC1 | E15: ='Point List'!J12 -> 012298 | K15: =_xlfn.CONCAT(A15,",",B15,",",C15,",",D15,",",E15,",",F15,",",G15) -> Primary_Hydraulic_Fault_ACK,,BitAddress,PLC1,012298,, | O15: Primary Hydraulic Fault ACK,,BitAddress,PLC1,012298,,
A16: ='Point List'!C13 -> Secondary_Hydraulic_Fault_ACK | C16: ='Point List'!L13 -> BitAddress | D16: PLC1 | E16: ='Point List'!J13 -> 012299 | K16: =_xlfn.CONCAT(A16,",",B16,",",C16,",",D16,",",E16,",",F16,",",G16) -> Secondary_Hydraulic_Fault_ACK,,BitAddress,PLC1,012299,, | O16: Secondary Hydraulic Fault ACK,,BitAddress,PLC1,012299,,
A17: ='Point List'!C14 -> Enable_Pump_Cycling | C17: ='Point List'!L14 -> BitAddress | D17: PLC1 | E17: ='Point List'!J14 -> 012300 | K17: =_xlfn.CONCAT(A17,",",B17,",",C17,",",D17,",",E17,",",F17,",",G17) -> Enable_Pump_Cycling,,BitAddress,PLC1,012300,, | O17: Enable Pump Cycling,,BitAddress,PLC1,012300,,
... A19: ='Point List'!C16 -> Fault_ACK | C19: ='Point List'!L16 -> BitAddress | D19: PLC1 | E19: ='Point List'!J16 -> 012302 | K19: =_xlfn.CONCAT(A19,",",B19,",",C19,",",D19,",",E19,",",F19,",",G19) -> Fault_ACK,,BitAddress,PLC1,012302,, | O19: Fault ACK,,BitAddress,PLC1,012302,,
A20: ='Point List'!C19 -> System_On | C20: ='Point List'!L19 -> BitAddress | D20: PLC1 | E20: ='Point List'!J19 -> 012305 | K20: =_xlfn.CONCAT(A20,",",B20,",",C20,",",D20,",",E20,",",F20,",",G20) -> System_On,,BitAddress,PLC1,012305,, | O20: System On,,BitAddress,PLC1,012305,,
A21: ='Point List'!C20 -> System_Shutting_Down | C21: ='Point List'!L20 -> BitAddress | D21: PLC1 | E21: ='Point List'!J20 -> 012306 | K21: =_xlfn.CONCAT(A21,",",B21,",",C21,",",D21,",",E21,",",F21,",",G21) -> System_Shutting_Down,,BitAddress,PLC1,012306,, | O21: System Shutting Down,,BitAddress,PLC1,012306,,
A22: ='Point List'!C21 -> System_Initializing | C22: ='Point List'!L21 -> BitAddress | D22: PLC1 | E22: ='Point List'!J21 -> 012307 | K22: =_xlfn.CONCAT(A22,",",B22,",",C22,",",D22,",",E22,",",F22,",",G22) -> System_Initializing,,BitAddress,PLC1,012307,, | O22: System Initializing,,BitAddress,PLC1,012307,,
A23: ='Point List'!C22 -> System_Calibrating | C23: ='Point List'!L22 -> BitAddress | D23: PLC1 | E23: ='Point List'!J22 -> 012308 | K23: =_xlfn.CONCAT(A23,",",B23,",",C23,",",D23,",",E23,",",F23,",",G23) -> System_Calibrating,,BitAddress,PLC1,012308,, | O23: System Calibrating,,BitAddress,PLC1,012308,,
A24: ='Point List'!C23 -> Measured_Pump_Power | C24: ='Point List'!L23 -> WordAddress | D24: PLC1 | E24: ='Point List'!J23 -> 412557 | K24: =_xlfn.CONCAT(A24,",",B24,",",C24,",",D24,",",E24,",",F24,",",G24) -> Measured_Pump_Power,,WordAddress,PLC1,412557,, | O24: Measured Pump Power,,WordAddress,PLC1,412557,,
A25: ='Point List'!C24 -> MICT | C25: ='Point List'!L24 -> WordAddress | D25: PLC1 | E25: ='Point List'!J24 -> 412559 | K25: =_xlfn.CONCAT(A25,",",B25,",",C25,",",D25,",",E25,",",F25,",",G25) -> MICT,,WordAddress,PLC1,412559,, | O25: Measured Inlet Coolant Temperature,,WordAddress,PLC1,412559,,
A26: ='Point List'!C25 -> Measured_Conductivity | C26: ='Point List'!L25 -> WordAddress | D26: PLC1 | E26: ='Point List'!J25 -> 412561 | K26: =_xlfn.CONCAT(A26,",",B26,",",C26,",",D26,",",E26,",",F26,",",G26) -> Measured_Conductivity,,WordAddress,PLC1,412561,, | O26: Measured Conductivity,,WordAddress,PLC1,412561,,
A27: ='Point List'!C26 -> Measured_Flow | C27: ='Point List'!L26 -> WordAddress | D27: PLC1 | E27: ='Point List'!J26 -> 412563 | K27: =_xlfn.CONCAT(A27,",",B27,",",C27,",",D27,",",E27,",",F27,",",G27) -> Measured_Flow,,WordAddress,PLC1,412563,, | O27: Measured Flow,,WordAddress,PLC1,412563,,
A28: ='Point List'!C27 -> Valve_Open_Percentage | C28: ='Point List'!L27 -> WordAddress | D28: PLC1 | E28: ='Point List'!J27 -> 412565 | K28: =_xlfn.CONCAT(A28,",",B28,",",C28,",",D28,",",E28,",",F28,",",G28) -> Valve_Open_Percentage,,WordAddress,PLC1,412565,, | O28: Valve Open Percentage,,WordAddress,PLC1,412565,,
A29: ='Point List'!C28 -> Real_RTD_1_Signal | C29: ='Point List'!L28 -> WordAddress | D29: PLC1 | E29: ='Point List'!J28 -> 412567 | K29: =_xlfn.CONCAT(A29,",",B29,",",C29,",",D29,",",E29,",",F29,",",G29) -> Real_RTD_1_Signal,,WordAddress,PLC1,412567,, | O29: Real RTD 1 Signal,,WordAddress,PLC1,412567,,
A30: ='Point List'!C29 -> Real_RTD_2_Signal | C30: ='Point List'!L29 -> WordAddress | D30: PLC1 | E30: ='Point List'!J29 -> 412569 | K30: =_xlfn.CONCAT(A30,",",B30,",",C30,",",D30,",",E30,",",F30,",",G30) -> Real_RTD_2_Signal,,WordAddress,PLC1,412569,, | O30: Real RTD 2 Signal,,WordAddress,PLC1,412569,,
A31: ='Point List'!C30 -> Real_RTD_3_Signal | C31: ='Point List'!L30 -> WordAddress | D31: PLC1 | E31: ='Point List'!J30 -> 412571 | K31: =_xlfn.CONCAT(A31,",",B31,",",C31,",",D31,",",E31,",",F31,",",G31) -> Real_RTD_3_Signal,,WordAddress,PLC1,412571,, | O31: Real RTD 3 Signal,,WordAddress,PLC1,412571,,
A32: ='Point List'!C32 -> Measured_Valve_Position_ | C32: ='Point List'!L32 -> WordAddress | D32: PLC1 | E32: ='Point List'!J32 -> 412575 | K32: =_xlfn.CONCAT(A32,",",B32,",",C32,",",D32,",",E32,",",F32,",",G32) -> Measured_Valve_Position_,,WordAddress,PLC1,412575,, | O32: Measured Valve Position ,,WordAddress,PLC1,412575,,
A33: ='Point List'!C33 -> Debounced_Water_Level_Low_Signal | C33: ='Point List'!L33 -> WordAddress | D33: PLC1 | E33: ='Point List'!J33 -> 012309 | K33: =_xlfn.CONCAT(A33,",",B33,",",C33,",",D33,",",E33,",",F33,",",G33) -> Debounced_Water_Level_Low_Signal,,WordAddress,PLC1,012309,, | O33: Debounced Water Level Low Signal,,WordAddress,PLC1,012309,,
A34: ='Point List'!C38 -> Output_Water_Level_Low_Signal | C34: ='Point List'!L38 -> BitAddress | D34: PLC1 | E34: ='Point List'!J38 -> 012314 | K34: =_xlfn.CONCAT(A34,",",B34,",",C34,",",D34,",",E34,",",F34,",",G34) -> Output_Water_Level_Low_Signal,,BitAddress,PLC1,012314,, | O34: Output Water Level Low Signal,,BitAddress,PLC1,012314,,
A35: ='Point List'!C39 -> Output_Water_Level_Low_Low | C35: ='Point List'!L39 -> BitAddress | D35: PLC1 | E35: ='Point List'!J39 -> 012315 | K35: =_xlfn.CONCAT(A35,",",B35,",",C35,",",D35,",",E35,",",F35,",",G35) -> Output_Water_Level_Low_Low,,BitAddress,PLC1,012315,, | O35: Output Water Level Low Low Signal,,BitAddress,PLC1,012315,,
A36: ='Point List'!C40 -> Output_Pressure_Signal | C36: ='Point List'!L40 -> BitAddress | D36: PLC1 | E36: ='Point List'!J40 -> 012316 | K36: =_xlfn.CONCAT(A36,",",B36,",",C36,",",D36,",",E36,",",F36,",",G36) -> Output_Pressure_Signal,,BitAddress,PLC1,012316,, | O36: Output Pressure Signal,,BitAddress,PLC1,012316,,
A37: ='Point List'!C41 -> Output_Conductivity_Alarm_Signal | C37: ='Point List'!L41 -> BitAddress | D37: PLC1 | E37: ='Point List'!J41 -> 012317 | K37: =_xlfn.CONCAT(A37,",",B37,",",C37,",",D37,",",E37,",",F37,",",G37) -> Output_Conductivity_Alarm_Signal,,BitAddress,PLC1,012317,, | O37: Output Conductivity Alarm Signal,,BitAddress,PLC1,012317,,
A38: ='Point List'!C42 -> Output_Conductivity_Fault_Signal | C38: ='Point List'!L42 -> BitAddress | D38: PLC1 | E38: ='Point List'!J42 -> 012318 | K38: =_xlfn.CONCAT(A38,",",B38,",",C38,",",D38,",",E38,",",F38,",",G38) -> Output_Conductivity_Fault_Signal,,BitAddress,PLC1,012318,, | O38: Output Conductivity Fault Signal,,BitAddress,PLC1,012318,,
A39: ='Point List'!C45 -> Measured_Active_Pump__Voltage | C39: ='Point List'!L45 -> WordAddress | D39: PLC1 | E39: ='Point List'!J45 -> 412577 | K39: =_xlfn.CONCAT(A39,",",B39,",",C39,",",D39,",",E39,",",F39,",",G39) -> Measured_Active_Pump__Voltage,,WordAddress,PLC1,412577,, | O39: Measured Active Pump Voltage,,WordAddress,PLC1,412577,,
A40: ='Point List'!C46 -> Measured_Active_Pump__Current | C40: ='Point List'!L46 -> WordAddress | D40: PLC1 | E40: ='Point List'!J46 -> 412579 | K40: =_xlfn.CONCAT(A40,",",B40,",",C40,",",D40,",",E40,",",F40,",",G40) -> Measured_Active_Pump__Current,,WordAddress,PLC1,412579,, | O40: Measured Active Pump Current,,WordAddress,PLC1,412579,,
A41: ='Point List'!C49 -> Pump_1_Total_Hours | C41: ='Point List'!L49 -> WordAddress | D41: PLC1 | E41: ='Point List'!J49 -> 412455 | K41: =_xlfn.CONCAT(A41,",",B41,",",C41,",",D41,",",E41,",",F41,",",G41) -> Pump_1_Total_Hours,,WordAddress,PLC1,412455,, | O41: Pump 1 Total Hours,,WordAddress,PLC1,412455,,
A42: ='Point List'!C50 -> Pump_2_Total_Hours | C42: ='Point List'!L50 -> WordAddress | D42: PLC1 | E42: ='Point List'!J50 -> 412457 | K42: =_xlfn.CONCAT(A42,",",B42,",",C42,",",D42,",",E42,",",F42,",",G42) -> Pump_2_Total_Hours,,WordAddress,PLC1,412457,, | O42: Pump 2 Total Hours,,WordAddress,PLC1,412457,,
A43: ='Point List'!C51 -> High_Coolant_Temperature_ | C43: ='Point List'!L51 -> BitAddress | D43: PLC1 | E43: ='Point List'!J51 -> 012320 | K43: =_xlfn.CONCAT(A43,",",B43,",",C43,",",D43,",",E43,",",F43,",",G43) -> High_Coolant_Temperature_,,BitAddress,PLC1,012320,, | O43: High Coolant Temperature ,,BitAddress,PLC1,012320,,
A44: ='Point List'!C52 -> Low_Coolant_Level_in_Vessel | C44: ='Point List'!L52 -> BitAddress | D44: PLC1 | E44: ='Point List'!J52 -> 012321 | K44: =_xlfn.CONCAT(A44,",",B44,",",C44,",",D44,",",E44,",",F44,",",G44) -> Low_Coolant_Level_in_Vessel,,BitAddress,PLC1,012321,, | O44: Low Coolant Level in Vessel,,BitAddress,PLC1,012321,,
A45: ='Point List'!C53 -> High_Coolant_Conductivity_ | C45: ='Point List'!L53 -> BitAddress | D45: PLC1 | E45: ='Point List'!J53 -> 012322 | K45: =_xlfn.CONCAT(A45,",",B45,",",C45,",",D45,",",E45,",",F45,",",G45) -> High_Coolant_Conductivity_,,BitAddress,PLC1,012322,, | O45: High Coolant Conductivity ,,BitAddress,PLC1,012322,,
A46: ='Point List'!C54 -> Low_Hydraulic_Power | C46: ='Point List'!L54 -> BitAddress | D46: PLC1 | E46: ='Point List'!J54 -> 012323 | K46: =_xlfn.CONCAT(A46,",",B46,",",C46,",",D46,",",E46,",",F46,",",G46) -> Low_Hydraulic_Power,,BitAddress,PLC1,012323,, | O46: Low Hydraulic Power,,BitAddress,PLC1,012323,,
A47: ='Point List'!C55 -> Low_Hydraulic_Flow | C47: ='Point List'!L55 -> BitAddress | D47: PLC1 | E47: ='Point List'!J55 -> 012324 | K47: =_xlfn.CONCAT(A47,",",B47,",",C47,",",D47,",",E47,",",F47,",",G47) -> Low_Hydraulic_Flow,,BitAddress,PLC1,012324,, | O47: Low Hydraulic Flow,,BitAddress,PLC1,012324,,
A48: ='Point List'!C56 -> Low_Hydraulic_Pressure | C48: ='Point List'!L56 -> BitAddress | D48: PLC1 | E48: ='Point List'!J56 -> 012325 | K48: =_xlfn.CONCAT(A48,",",B48,",",C48,",",D48,",",E48,",",F48,",",G48) -> Low_Hydraulic_Pressure,,BitAddress,PLC1,012325,, | O48: Low Hydraulic Pressure,,BitAddress,PLC1,012325,,
A49: ='Point List'!C57 -> Voltage_Signal_Malfunction | C49: ='Point List'!L57 -> BitAddress | D49: PLC1 | E49: ='Point List'!J57 -> 012326 | K49: =_xlfn.CONCAT(A49,",",B49,",",C49,",",D49,",",E49,",",F49,",",G49) -> Voltage_Signal_Malfunction,,BitAddress,PLC1,012326,, | O49: Voltage Signal Malfunction,,BitAddress,PLC1,012326,,
A50: ='Point List'!C58 -> Current_Signal_Malfunction | C50: ='Point List'!L58 -> BitAddress | D50: PLC1 | E50: ='Point List'!J58 -> 012327 | K50: =_xlfn.CONCAT(A50,",",B50,",",C50,",",D50,",",E50,",",F50,",",G50) -> Current_Signal_Malfunction,,BitAddress,PLC1,012327,, | O50: Current Signal Malfunction,,BitAddress,PLC1,012327,,
A51: ='Point List'!C59 -> Primary_Hydraulic_Failure | C51: ='Point List'!L59 -> BitAddress | D51: PLC1 | E51: ='Point List'!J59 -> 012328 | K51: =_xlfn.CONCAT(A51,",",B51,",",C51,",",D51,",",E51,",",F51,",",G51) -> Primary_Hydraulic_Failure,,BitAddress,PLC1,012328,, | O51: Primary Hydraulic Failure,,BitAddress,PLC1,012328,,
A52: ='Point List'!C60 -> Secondary_Hydraulic_Failure | C52: ='Point List'!L60 -> BitAddress | D52: PLC1 | E52: ='Point List'!J60 -> 012329 | K52: =_xlfn.CONCAT(A52,",",B52,",",C52,",",D52,",",E52,",",F52,",",G52) -> Secondary_Hydraulic_Failure,,BitAddress,PLC1,012329,, | O52: Secondary Hydraulic Failure,,BitAddress,PLC1,012329,,
... A68: ='Point List'!C76 -> Master_Fault_Signal | C68: ='Point List'!L76 -> BitAddress | D68: PLC1 | E68: ='Point List'!J76 -> 012345 | K68: =_xlfn.CONCAT(A68,",",B68,",",C68,",",D68,",",E68,",",F68,",",G68) -> Master_Fault_Signal,,BitAddress,PLC1,012345,, | O68: Master Fault Signal,,BitAddress,PLC1,012345,,
A69: ='Point List'!C98 -> Primary_Pump_Active | C69: ='Point List'!L98 -> BitAddress | D69: PLC1 | E69: ='Point List'!J98 -> 012346 | K69: =_xlfn.CONCAT(A69,",",B69,",",C69,",",D69,",",E69,",",F69,",",G69) -> Primary_Pump_Active,,BitAddress,PLC1,012346,, | O69: Primary Pump Active,,BitAddress,PLC1,012346,,
A70: ='Point List'!C99 -> Secondary_Pump__Active | C70: ='Point List'!L99 -> BitAddress | D70: PLC1 | E70: ='Point List'!J99 -> 012347 | K70: =_xlfn.CONCAT(A70,",",B70,",",C70,",",D70,",",E70,",",F70,",",G70) -> Secondary_Pump__Active,,BitAddress,PLC1,012347,, | O70: Secondary Pump Active,,BitAddress,PLC1,012347,,
A71: ='Point List'!C100 -> Simplex_Mode_Active | C71: ='Point List'!L100 -> BitAddress | D71: PLC1 | E71: ='Point List'!J100 -> 012348 | K71: =_xlfn.CONCAT(A71,",",B71,",",C71,",",D71,",",E71,",",F71,",",G71) -> Simplex_Mode_Active,,BitAddress,PLC1,012348,, | O71: Simplex Mode Active,,BitAddress,PLC1,012348,,
A72: ='Point List'!C101 -> Fan_1_Active | C72: ='Point List'!L101 -> BitAddress | D72: PLC1 | E72: ='Point List'!J101 -> 012349 | K72: =_xlfn.CONCAT(A72,",",B72,",",C72,",",D72,",",E72,",",F72,",",G72) -> Fan_1_Active,,BitAddress,PLC1,012349,, | O72: Fan 1 Active,,BitAddress,PLC1,012349,,
A73: ='Point List'!C102 -> Fan_2_Active | C73: ='Point List'!L102 -> BitAddress | D73: PLC1 | E73: ='Point List'!J102 -> 012350 | K73: =_xlfn.CONCAT(A73,",",B73,",",C73,",",D73,",",E73,",",F73,",",G73) -> Fan_2_Active,,BitAddress,PLC1,012350,, | O73: Fan 2 Active,,BitAddress,PLC1,012350,,
A74: ='Point List'!C104 -> System_Diagnostics | C74: ='Point List'!L104 -> BitAddress | D74: PLC1 | E74: ='Point List'!J104 -> 012352 | K74: =_xlfn.CONCAT(A74,",",B74,",",C74,",",D74,",",E74,",",F74,",",G74) -> System_Diagnostics,,BitAddress,PLC1,012352,, | O74: System Diagnostics,,BitAddress,PLC1,012352,,
A75: ='Point List'!C105 -> Status_Indicator_Text | C75: ='Point List'!L105 -> WordAddress | D75: PLC1 | E75: ='Point List'!J105 -> 412683 | K75: =_xlfn.CONCAT(A75,",",B75,",",C75,",",D75,",",E75,",",F75,",",G75) -> Status_Indicator_Text,,WordAddress,PLC1,412683,, | O75: Status Indicator Text,,WordAddress,PLC1,012683,,
A76: ='Point List'!C106 -> 0 | C76: ='Point List'!L106 -> 0 | D76: PLC1 | E76: ='Point List'!J106 -> 0
A77: ='Point List'!C107 -> 0 | C77: ='Point List'!L107 -> 0 | D77: PLC1 | E77: ='Point List'!J107 -> 0
A78: ='Point List'!C108 -> 0 | C78: ='Point List'!L108 -> 0 | D78: PLC1 | E78: ='Point List'!J108 -> 0
A79: ='Point List'!C109 -> 0 | C79: ='Point List'!L109 -> 0 | D79: PLC1 | E79: ='Point List'!J109 -> 0
A80: ='Point List'!C110 -> 0 | C80: ='Point List'!L110 -> 0 | D80: PLC1 | E80: ='Point List'!J110 -> 0
A81: ='Point List'!C111 -> 0 | C81: ='Point List'!L111 -> 0 | D81: PLC1 | E81: ='Point List'!J111 -> 0
A82: ='Point List'!C112 -> 0 | C82: ='Point List'!L112 -> 0 | D82: PLC1 | E82: ='Point List'!J112 -> 0
A83: ='Point List'!C113 -> 0 | C83: ='Point List'!L113 -> 0 | D83: PLC1 | E83: ='Point List'!J113 -> 0
A84: ='Point List'!C114 -> 0 | C84: ='Point List'!L114 -> 0 | D84: PLC1 | E84: ='Point List'!J114 -> 0
A85: ='Point List'!C115 -> 0 | C85: ='Point List'!L115 -> 0 | D85: PLC1 | E85: ='Point List'!J115 -> 0
A86: ='Point List'!C116 -> 0 | C86: ='Point List'!L116 -> 0 | D86: PLC1 | E86: ='Point List'!J116 -> 0
A87: ='Point List'!C117 -> 0 | C87: ='Point List'!L117 -> 0 | D87: PLC1 | E87: ='Point List'!J117 -> 0
... A161: ='Point List'!C191 -> 0 | C161: ='Point List'!L191 -> 0 | D161: PLC1 | E161: ='Point List'!J191 -> 0
